"","timestamp","type","sourceInstance","sourceID","targetID","targetInstance","abilityGameID","buffs","hitType","amount","unmitigatedAmount","sourceMarker","overkill","resisted","tick","logID","fightID","startTime","endTime","encounterID","kill","duration_s","fight","size","mitigated","targetMarker","absorbed"
"1",4411802,"damage",NA,139,142,NA,67760,"53201.53909.24932.16886.57623.48090.",1,2280,2280,NA,NA,NA,NA,"j2MkDALRFGr8cw9g",8,4404206,4627203,101084,1,222.997,8,25,NA,NA,NA
"2",4419563,"damage",NA,139,142,NA,67760,"48518.54758.24932.16886.57623.2825.48090.",16,2414,2373,NA,NA,237,NA,"j2MkDALRFGr8cw9g",8,4404206,4627203,101084,1,222.997,8,25,NA,NA,NA
"3",4426816,"damage",NA,139,142,NA,67760,"48518.54758.24932.16886.57623.2825.48090.",16,2345,2305,NA,NA,231,NA,"j2MkDALRFGr8cw9g",8,4404206,4627203,101084,1,222.997,8,25,NA,NA,NA
"4",4435643,"damage",NA,139,142,NA,67760,"48517.64713.24932.16886.57623.2825.48090.",2,3722,2131,NA,NA,NA,NA,"j2MkDALRFGr8cw9g",8,4404206,4627203,101084,1,222.997,8,25,NA,NA,NA
"5",4456766,"damage",NA,139,142,NA,67760,"24932.16886.57623.48090.",2,3637,2082,NA,NA,NA,NA,"j2MkDALRFGr8cw9g",8,4404206,4627203,101084,1,222.997,8,25,NA,NA,NA
"6",4476247,"damage",NA,139,148,15,67760,"48518.53201.24932.57623.48090.",1,2464,2464,NA,NA,NA,NA,"j2MkDALRFGr8cw9g",8,4404206,4627203,101084,1,222.997,8,25,NA,NA,NA
"7",4485510,"damage",NA,139,148,29,67760,"24932.57623.48391.",1,2599,2599,NA,NA,NA,NA,"j2MkDALRFGr8cw9g",8,4404206,4627203,101084,1,222.997,8,25,NA,NA,NA
"8",4506029,"damage",NA,139,142,NA,67760,"24932.16886.57623.48090.",1,2427,2427,NA,NA,NA,NA,"j2MkDALRFGr8cw9g",8,4404206,4627203,101084,1,222.997,8,25,NA,NA,NA
"9",4517753,"damage",NA,139,142,NA,67760,"48518.24932.16886.57623.48090.",2,3990,2285,NA,NA,NA,NA,"j2MkDALRFGr8cw9g",8,4404206,4627203,101084,1,222.997,8,25,NA,NA,NA
"10",4538067,"damage",NA,139,142,NA,67760,"48517.24932.16886.57623.48090.48391.",1,2728,2413,NA,NA,NA,NA,"j2MkDALRFGr8cw9g",8,4404206,4627203,101084,1,222.997,8,25,NA,NA,NA
"11",4546029,"damage",NA,139,142,NA,67760,"53201.48517.64713.24932.16886.57623.48090.",1,2608,2307,NA,NA,NA,NA,"j2MkDALRFGr8cw9g",8,4404206,4627203,101084,1,222.997,8,25,NA,NA,NA
"12",4554166,"damage",NA,139,142,NA,67760,"53201.24932.16886.57623.48090.",17,3717,2365,NA,NA,237,NA,"j2MkDALRFGr8cw9g",8,4404206,4627203,101084,1,222.997,8,25,NA,NA,NA
"13",4562154,"damage",NA,139,142,NA,67760,"48518.53908.54758.24932.16886.57623.48090.",1,2696,2385,NA,NA,NA,NA,"j2MkDALRFGr8cw9g",8,4404206,4627203,101084,1,222.997,8,25,NA,NA,NA
"14",4579047,"damage",NA,139,142,NA,67760,"48517.24932.16886.57623.48090.",17,3503,2229,NA,NA,223,NA,"j2MkDALRFGr8cw9g",8,4404206,4627203,101084,1,222.997,8,25,NA,NA,NA
"15",4586135,"damage",NA,139,142,NA,67760,"48517.24932.16886.57623.48090.",16,2368,2328,NA,NA,233,NA,"j2MkDALRFGr8cw9g",8,4404206,4627203,101084,1,222.997,8,25,NA,NA,NA
"16",4604180,"damage",NA,139,142,NA,67760,"64713.24932.16886.57623.48090.",2,4213,2412,NA,NA,NA,NA,"j2MkDALRFGr8cw9g",8,4404206,4627203,101084,1,222.997,8,25,NA,NA,NA
"17",4612692,"damage",NA,139,142,NA,67760,"48518.53201.24932.16886.57623.48090.48391.",17,3418,2447,NA,NA,490,NA,"j2MkDALRFGr8cw9g",8,4404206,4627203,101084,1,222.997,8,25,NA,NA,NA
"18",4623426,"damage",NA,139,142,NA,67760,"48518.54758.24932.16886.57623.48090.",17,4093,2604,NA,NA,260,NA,"j2MkDALRFGr8cw9g",8,4404206,4627203,101084,1,222.997,8,25,NA,NA,NA
"19",22899,"damage",NA,9,14,NA,67760,"57623.64713.55637.59000.48156.64907.15258.61792.",1,2526,2235,NA,NA,NA,NA,"36XxM8WBTjFtcpKN",2,11303,304289,629,1,292.986,2,10,NA,NA,NA
"20",43089,"damage",NA,9,15,3,67760,"57623.48156.64907.15258.61792.",1,2233,2233,NA,NA,NA,NA,"36XxM8WBTjFtcpKN",2,11303,304289,629,1,292.986,2,10,NA,NA,NA
"21",56614,"damage",NA,9,14,NA,67760,"57623.59000.48156.64907.15258.61792.",1,2342,2072,NA,NA,NA,NA,"36XxM8WBTjFtcpKN",2,11303,304289,629,1,292.986,2,10,NA,NA,NA
"22",70261,"damage",NA,9,14,NA,67760,"57623.64713.59000.48156.15258.61792.",16,2046,2264,NA,NA,453,NA,"36XxM8WBTjFtcpKN",2,11303,304289,629,1,292.986,2,10,218,NA,NA
"23",102600,"damage",NA,9,22,NA,67760,"53908.57623.2825.15271.54758.64907.26297.15258.61792.",2,4117,2358,NA,NA,NA,NA,"36XxM8WBTjFtcpKN",2,11303,304289,629,1,292.986,2,10,NA,NA,NA
"24",113976,"damage",NA,9,22,NA,67760,"57623.2825.64713.59000.15258.61792.",1,2571,2275,NA,NA,NA,NA,"36XxM8WBTjFtcpKN",2,11303,304289,629,1,292.986,2,10,NA,NA,NA
"25",129111,"damage",NA,9,22,NA,67760,"57623.2825.59000.15258.61792.",17,3629,2310,NA,NA,231,NA,"36XxM8WBTjFtcpKN",2,11303,304289,629,1,292.986,2,10,NA,NA,NA
"26",154773,"damage",NA,9,21,NA,67760,"57623.48156.64907.15258.61792.",16,2070,2290,NA,NA,458,NA,"36XxM8WBTjFtcpKN",2,11303,304289,629,1,292.986,2,10,220,NA,NA
"27",166159,"damage",NA,9,21,NA,67760,"57623.64713.55637.59000.48156.54758.15258.61792.",2,3599,2061,NA,NA,NA,NA,"36XxM8WBTjFtcpKN",2,11303,304289,629,1,292.986,2,10,NA,NA,NA
"28",177189,"damage",NA,9,21,NA,67760,"57623.15258.61792.",1,2479,2193,NA,NA,NA,NA,"36XxM8WBTjFtcpKN",2,11303,304289,629,1,292.986,2,10,NA,NA,NA
"29",224737,"damage",NA,9,31,NA,67760,"55637.48156.54758.64907.15258.61792.",1,2588,2290,NA,NA,NA,NA,"36XxM8WBTjFtcpKN",2,11303,304289,629,1,292.986,2,10,NA,NA,NA
"30",249800,"damage",NA,9,31,NA,67760,"57623.59000.15258.61792.",2,7303,2091,NA,NA,NA,NA,"36XxM8WBTjFtcpKN",2,11303,304289,629,1,292.986,2,10,NA,NA,NA
"31",272425,"damage",NA,9,31,NA,67760,"57623.59000.48156.64907.15258.61792.",17,3649,2322,NA,NA,232,NA,"36XxM8WBTjFtcpKN",2,11303,304289,629,1,292.986,2,10,NA,NA,NA
"32",413839,"damage",NA,9,32,NA,67760,"57623.53909.55637.64907.15258.61792.",1,2568,2273,NA,NA,NA,NA,"36XxM8WBTjFtcpKN",3,407963,522631,633,1,114.668,3,10,NA,NA,NA
"33",428077,"damage",NA,9,32,NA,67760,"57623.64713.59000.48156.64907.15258.61792.",17,2845,2046,NA,NA,205,NA,"36XxM8WBTjFtcpKN",3,407963,522631,633,1,114.668,3,10,NA,NA,NA
"34",445002,"damage",NA,9,32,NA,67760,"57623.48156.64907.15258.61792.",16,2252,2215,NA,NA,222,NA,"36XxM8WBTjFtcpKN",3,407963,522631,633,1,114.668,3,10,NA,NA,NA
"35",463007,"damage",NA,9,32,NA,67760,"57623.64907.15258.61792.",16,2059,2025,NA,NA,203,NA,"36XxM8WBTjFtcpKN",3,407963,522631,633,1,114.668,3,10,NA,NA,NA
"36",474431,"damage",NA,9,32,NA,67760,"57623.55637.59000.48156.15258.61792.",17,3334,2122,NA,NA,212,NA,"36XxM8WBTjFtcpKN",3,407963,522631,633,1,114.668,3,10,NA,NA,NA
"37",490920,"damage",NA,9,32,NA,67760,"57623.59000.54758.15258.61792.",0,0,NA,NA,NA,NA,NA,"36XxM8WBTjFtcpKN",3,407963,522631,633,1,114.668,3,10,NA,NA,NA
"38",517431,"damage",NA,9,32,NA,67760,"53908.57623.15271.48156.64907.15258.61792.",16,2041,2007,NA,NA,201,NA,"36XxM8WBTjFtcpKN",3,407963,522631,633,1,114.668,3,10,NA,NA,NA
"39",720957,"damage",NA,9,48,NA,67760,"48156.2825.64907.15258.61792.",1,2234,1977,NA,NA,NA,NA,"36XxM8WBTjFtcpKN",5,691599,777400,637,1,85.801,5,10,NA,7,NA
"40",737675,"damage",NA,9,52,NA,67760,"48156.2825.64713.64907.15258.61792.",2,3878,2221,NA,NA,NA,NA,"36XxM8WBTjFtcpKN",5,691599,777400,637,1,85.801,5,10,NA,NA,NA
"41",759445,"damage",NA,9,46,NA,67760,"54758.64907.15258.61792.59000.",1,2473,2188,NA,NA,NA,NA,"36XxM8WBTjFtcpKN",5,691599,777400,637,1,85.801,5,10,NA,NA,NA
"42",929887,"damage",NA,9,59,NA,67760,"57623.53909.64713.55637.59000.48156.54758.64907.15258.61792.",2,5031,3256,NA,NA,NA,NA,"36XxM8WBTjFtcpKN",6,916926,1061099,641,1,144.173,6,10,NA,7,NA
"43",968866,"damage",NA,9,59,NA,67760,"57623.48156.64907.15258.61792.",3,0,2943,3,NA,NA,NA,"36XxM8WBTjFtcpKN",6,916926,1061099,641,1,144.173,6,10,NA,7,5138
"44",981740,"damage",NA,9,59,NA,67760,"57623.64713.59000.15258.61792.",1,3348,2962,3,NA,NA,NA,"36XxM8WBTjFtcpKN",6,916926,1061099,641,1,144.173,6,10,NA,7,NA
"45",1017931,"damage",NA,9,60,NA,67760,"57623.15258.61792.",16,2755,3048,3,NA,610,NA,"36XxM8WBTjFtcpKN",6,916926,1061099,641,1,144.173,6,10,293,8,NA
"46",1029588,"damage",NA,9,60,NA,67760,"53908.57623.64713.59000.64907.15258.61792.",1,7319,6477,3,NA,NA,NA,"36XxM8WBTjFtcpKN",6,916926,1061099,641,1,144.173,6,10,NA,8,NA
"47",1047901,"damage",NA,9,60,NA,67760,"57623.55637.59000.48156.64907.15258.61792.",1,3855,3411,3,NA,NA,NA,"36XxM8WBTjFtcpKN",6,916926,1061099,641,1,144.173,6,10,NA,8,NA
"48",1229711,"damage",NA,9,65,NA,67760,"48156.57623.53909.64907.57327.55637.15258.61792.59000.",2,3962,2269,3,NA,NA,NA,"36XxM8WBTjFtcpKN",7,1224146,1335877,645,0,111.731,7,10,NA,NA,NA
"49",1245471,"damage",NA,9,65,NA,67760,"57623.64713.64907.57327.15258.61792.59000.32409.",16,2144,2108,3,NA,211,NA,"36XxM8WBTjFtcpKN",7,1224146,1335877,645,0,111.731,7,10,NA,NA,NA
"50",1259121,"damage",NA,9,69,1,67760,"57623.57327.15258.61792.",2,3311,2143,3,NA,NA,NA,"36XxM8WBTjFtcpKN",7,1224146,1335877,645,0,111.731,7,10,NA,NA,NA
"51",1270343,"damage",NA,9,65,NA,67760,"57623.57327.15258.61792.59000.",17,3389,2157,3,NA,216,NA,"36XxM8WBTjFtcpKN",7,1224146,1335877,645,0,111.731,7,10,NA,NA,NA
"52",1279670,"damage",NA,9,65,NA,67760,"48156.57623.64907.57327.15258.61792.59000.",1,2267,2006,3,NA,NA,NA,"36XxM8WBTjFtcpKN",7,1224146,1335877,645,0,111.731,7,10,NA,NA,NA
"53",1457534,"damage",NA,9,65,NA,67760,"57623.53909.55637.59000.54758.64907.15258.61792.",17,3163,2013,3,NA,201,NA,"36XxM8WBTjFtcpKN",8,1444432,1654429,645,0,209.997,8,10,NA,NA,NA
"54",1467214,"damage",NA,9,65,NA,67760,"57623.59000.15258.61792.",1,2478,2193,3,NA,NA,NA,"36XxM8WBTjFtcpKN",8,1444432,1654429,645,0,209.997,8,10,NA,NA,NA
"55",1484991,"damage",NA,9,65,NA,67760,"57623.59000.64907.15258.61792.",1,2320,2053,3,NA,NA,NA,"36XxM8WBTjFtcpKN",8,1444432,1654429,645,0,209.997,8,10,NA,NA,NA
"56",1495839,"damage",NA,9,65,NA,67760,"57623.64713.15271.48156.64907.15258.61792.",16,2188,2152,3,NA,215,NA,"36XxM8WBTjFtcpKN",8,1444432,1654429,645,0,209.997,8,10,NA,NA,NA
"57",1509992,"damage",NA,9,65,NA,67760,"57623.55637.64907.15258.61792.",16,2181,2145,3,NA,215,NA,"36XxM8WBTjFtcpKN",8,1444432,1654429,645,0,209.997,8,10,NA,NA,NA
"58",1574132,"damage",NA,9,74,8,67760,"57623.15258.61792.",1,2192,2192,3,NA,NA,NA,"36XxM8WBTjFtcpKN",8,1444432,1654429,645,0,209.997,8,10,NA,NA,NA
"59",1613136,"damage",NA,9,65,NA,67760,"53908.57623.2825.59000.48156.64907.26297.15258.61792.",1,2286,2023,3,NA,NA,NA,"36XxM8WBTjFtcpKN",8,1444432,1654429,645,0,209.997,8,10,NA,NA,NA
"60",1622178,"damage",NA,9,65,NA,67760,"53908.57623.2825.59000.64907.15258.61792.",16,2247,2210,3,NA,221,NA,"36XxM8WBTjFtcpKN",8,1444432,1654429,645,0,209.997,8,10,NA,NA,NA
"61",1630119,"damage",NA,9,65,NA,67760,"57623.2825.59000.64907.15258.61792.",1,2539,2247,3,NA,NA,NA,"36XxM8WBTjFtcpKN",8,1444432,1654429,645,0,209.997,8,10,NA,NA,NA
"62",1639370,"damage",NA,9,65,NA,67760,"57623.2825.55637.59000.15258.61792.",1,2270,2009,3,NA,NA,NA,"36XxM8WBTjFtcpKN",8,1444432,1654429,645,0,209.997,8,10,NA,NA,NA
"63",1647878,"damage",NA,9,65,NA,67760,"57623.55637.59000.48156.15258.61792.",17,3142,2000,3,NA,200,NA,"36XxM8WBTjFtcpKN",8,1444432,1654429,645,0,209.997,8,10,NA,NA,NA
"64",2129084,"damage",NA,9,65,NA,67760,"57623.53909.55637.64907.26297.15258.61792.",1,2418,2140,3,NA,NA,NA,"36XxM8WBTjFtcpKN",9,2114854,2321349,645,1,206.495,9,10,NA,NA,NA
"65",2147370,"damage",NA,9,65,NA,67760,"57623.48156.15258.61792.",1,2500,2212,3,NA,NA,NA,"36XxM8WBTjFtcpKN",9,2114854,2321349,645,1,206.495,9,10,NA,NA,NA
"66",2160723,"damage",NA,9,65,NA,67760,"57623.59000.48156.64907.15258.61792.",16,2175,2139,3,NA,214,NA,"36XxM8WBTjFtcpKN",9,2114854,2321349,645,1,206.495,9,10,NA,NA,NA
"67",2170252,"damage",NA,9,65,NA,67760,"57623.59000.48156.64907.15258.61792.",1,2519,2229,3,NA,NA,NA,"36XxM8WBTjFtcpKN",9,2114854,2321349,645,1,206.495,9,10,NA,NA,NA
"68",2178016,"damage",NA,9,65,NA,67760,"57623.59000.54758.64907.15258.61792.",16,1977,2187,3,NA,437,NA,"36XxM8WBTjFtcpKN",9,2114854,2321349,645,1,206.495,9,10,210,NA,NA
"69",2188351,"damage",NA,9,65,NA,67760,"57623.55637.59000.48156.54758.64907.15258.61792.",17,3240,2062,3,NA,206,NA,"36XxM8WBTjFtcpKN",9,2114854,2321349,645,1,206.495,9,10,NA,NA,NA
"70",2248517,"damage",NA,9,74,12,67760,"57623.64713.59000.64907.15258.61792.",2,3091,2001,3,NA,NA,NA,"36XxM8WBTjFtcpKN",9,2114854,2321349,645,1,206.495,9,10,NA,NA,NA
"71",2271808,"damage",NA,9,65,NA,67760,"57623.2825.15271.54758.15258.61792.",1,2477,2192,3,NA,NA,NA,"36XxM8WBTjFtcpKN",9,2114854,2321349,645,1,206.495,9,10,NA,NA,NA
"72",2282919,"damage",NA,9,65,NA,67760,"53908.57623.2825.59000.48156.64907.15258.61792.",16,1900,2102,3,NA,420,NA,"36XxM8WBTjFtcpKN",9,2114854,2321349,645,1,206.495,9,10,202,NA,NA
"73",2294569,"damage",NA,9,65,NA,67760,"57623.2825.59000.64907.15258.61792.",17,2771,1984,3,NA,397,NA,"36XxM8WBTjFtcpKN",9,2114854,2321349,645,1,206.495,9,10,NA,NA,NA
"74",2304564,"damage",NA,9,65,NA,67760,"57623.2825.64713.59000.48156.64907.15258.61792.",16,2113,2078,3,NA,208,NA,"36XxM8WBTjFtcpKN",9,2114854,2321349,645,1,206.495,9,10,NA,NA,NA
"75",2311205,"damage",NA,9,65,NA,67760,"57623.59000.64907.26297.15258.61792.",1,2242,1984,3,NA,NA,NA,"36XxM8WBTjFtcpKN",9,2114854,2321349,645,1,206.495,9,10,NA,NA,NA
"76",203219,"damage",NA,7,22,NA,67760,"53817.54758.55637.60766.64772.32182.16280.59620.53909.",16,2058,2024,NA,NA,202,NA,"tDzK7FTJqW3LwAr4",1,194156,293879,633,1,99.723,1,10,NA,NA,NA
"77",211209,"damage",NA,7,22,NA,67760,"53817.55637.60766.16246.32182.16280.29178.59620.",16,1980,2191,NA,NA,438,NA,"tDzK7FTJqW3LwAr4",1,194156,293879,633,1,99.723,1,10,211,NA,NA
"78",218801,"damage",NA,7,38,NA,67760,"53817.60766.16246.32182.16280.29178.",2,3468,1986,NA,NA,NA,NA,"tDzK7FTJqW3LwAr4",1,194156,293879,633,1,99.723,1,10,NA,8,NA
"79",225672,"damage",NA,7,22,NA,67760,"53817.16246.32182.16280.29178.59620.",1,2370,2097,NA,NA,NA,NA,"tDzK7FTJqW3LwAr4",1,194156,293879,633,1,99.723,1,10,NA,NA,NA
"80",232870,"damage",NA,7,22,NA,67760,"53817.60766.16246.32182.16280.29178.59620.",1,2551,2257,NA,NA,NA,NA,"tDzK7FTJqW3LwAr4",1,194156,293879,633,1,99.723,1,10,NA,NA,NA
"81",240390,"damage",NA,7,22,NA,67760,"53817.60766.16280.29178.59620.",1,2249,1990,NA,NA,NA,NA,"tDzK7FTJqW3LwAr4",1,194156,293879,633,1,99.723,1,10,NA,NA,NA
"82",250465,"damage",NA,7,22,NA,67760,"53817.60766.64772.16280.29178.",1,2215,1960,NA,NA,NA,NA,"tDzK7FTJqW3LwAr4",1,194156,293879,633,1,99.723,1,10,NA,NA,NA
"83",259306,"damage",NA,7,22,NA,67760,"60766.16280.29178.",16,2058,2024,NA,NA,202,NA,"tDzK7FTJqW3LwAr4",1,194156,293879,633,1,99.723,1,10,NA,NA,NA
"84",267318,"damage",NA,7,22,NA,67760,"53817.54758.55637.60766.16246.16280.29178.",1,2387,2112,NA,NA,NA,NA,"tDzK7FTJqW3LwAr4",1,194156,293879,633,1,99.723,1,10,NA,NA,NA
"85",276140,"damage",NA,7,22,NA,67760,"53817.54758.55637.53908.16280.29178.59620.",17,3565,2269,NA,NA,227,NA,"tDzK7FTJqW3LwAr4",1,194156,293879,633,1,99.723,1,10,NA,NA,NA
"86",282901,"damage",NA,7,22,NA,67760,"53817.53908.60766.16246.16280.29178.59620.",16,2050,2268,NA,NA,454,NA,"tDzK7FTJqW3LwAr4",1,194156,293879,633,1,99.723,1,10,218,NA,NA
"87",542268,"damage",NA,7,48,NA,67760,"55637.16246.29178.53909.",2,3449,1975,NA,NA,NA,NA,"tDzK7FTJqW3LwAr4",3,541733,662966,637,1,121.233,3,10,NA,8,NA
"88",551148,"damage",NA,7,48,NA,67760,"55637.53817.54758.64772.29178.16280.53909.",2,3689,2113,NA,NA,NA,NA,"tDzK7FTJqW3LwAr4",3,541733,662966,637,1,121.233,3,10,NA,8,NA
"89",565116,"damage",NA,7,49,NA,67760,"53817.16246.29178.16280.",1,2217,1962,NA,NA,NA,NA,"tDzK7FTJqW3LwAr4",3,541733,662966,637,1,121.233,3,10,NA,7,NA
"90",571981,"damage",NA,7,49,NA,67760,"53817.60766.16280.",2,3912,2241,NA,NA,NA,NA,"tDzK7FTJqW3LwAr4",3,541733,662966,637,1,121.233,3,10,NA,7,NA
"91",581418,"damage",NA,7,49,NA,67760,"53817.16246.60766.29178.16280.",2,3422,1960,NA,NA,NA,NA,"tDzK7FTJqW3LwAr4",3,541733,662966,637,1,121.233,3,10,NA,7,NA
"92",596172,"damage",NA,7,51,NA,67760,"53817.64772.",1,2493,2206,NA,NA,NA,NA,"tDzK7FTJqW3LwAr4",3,541733,662966,637,1,121.233,3,10,NA,6,NA
"93",612769,"damage",NA,7,45,NA,67760,"55637.53817.60766.16280.59620.",1,2445,2164,NA,NA,NA,NA,"tDzK7FTJqW3LwAr4",3,541733,662966,637,1,121.233,3,10,NA,2,NA
"94",633195,"damage",NA,7,50,NA,67760,"53817.54758.53908.60766.",2,3420,1959,NA,NA,NA,NA,"tDzK7FTJqW3LwAr4",3,541733,662966,637,1,121.233,3,10,NA,8,NA
"95",656611,"damage",NA,7,44,NA,67760,"53817.60766.16280.59620.",1,2103,2103,NA,NA,NA,NA,"tDzK7FTJqW3LwAr4",3,541733,662966,637,1,121.233,3,10,NA,NA,NA
"96",967172,"damage",NA,7,61,NA,67760,"64772.55637.53817.60766.16280.53909.",16,3031,2980,NA,NA,298,NA,"tDzK7FTJqW3LwAr4",4,963221,1081668,641,1,118.447,4,10,NA,NA,NA
"97",984594,"damage",NA,7,61,NA,67760,"57623.32182.53817.16280.",16,3119,3067,NA,NA,307,NA,"tDzK7FTJqW3LwAr4",4,963221,1081668,641,1,118.447,4,10,NA,NA,NA
"98",991728,"damage",NA,7,62,NA,67760,"16246.32182.29178.53817.60766.16280.",17,1761,1121,NA,NA,112,NA,"tDzK7FTJqW3LwAr4",4,963221,1081668,641,1,118.447,4,10,NA,NA,NA
"99",997851,"damage",NA,7,61,NA,67760,"54758.32182.29178.60766.59620.",1,3670,3247,NA,NA,NA,NA,"tDzK7FTJqW3LwAr4",4,963221,1081668,641,1,118.447,4,10,NA,NA,NA
"100",1005745,"damage",NA,7,61,NA,67760,"16246.32182.29178.53817.60766.16280.59620.",2,5374,3078,NA,NA,NA,NA,"tDzK7FTJqW3LwAr4",4,963221,1081668,641,1,118.447,4,10,NA,NA,NA
"101",1013285,"damage",NA,7,61,NA,67760,"16246.64772.32182.29178.53817.60766.16280.59620.",16,3157,3105,NA,NA,311,NA,"tDzK7FTJqW3LwAr4",4,963221,1081668,641,1,118.447,4,10,NA,NA,NA
"102",1022275,"damage",NA,7,62,NA,67760,"16246.32182.29178.53817.60766.16280.",1,1175,1039,NA,NA,NA,NA,"tDzK7FTJqW3LwAr4",4,963221,1081668,641,1,118.447,4,10,NA,NA,NA
"103",1029712,"damage",NA,7,62,NA,67760,"16246.29178.55637.53817.16280.59620.",17,1715,1091,NA,NA,109,NA,"tDzK7FTJqW3LwAr4",4,963221,1081668,641,1,118.447,4,10,NA,NA,NA
"104",1038454,"damage",NA,7,61,NA,67760,"53908.16246.29178.55637.53817.16280.59620.",16,3165,3112,NA,NA,311,NA,"tDzK7FTJqW3LwAr4",4,963221,1081668,641,1,118.447,4,10,NA,NA,NA
"105",1048074,"damage",NA,7,61,NA,67760,"53908.16246.29178.53817.60766.16280.59620.",1,3443,3046,NA,NA,NA,NA,"tDzK7FTJqW3LwAr4",4,963221,1081668,641,1,118.447,4,10,NA,NA,NA
"106",1059260,"damage",NA,7,61,NA,67760,"54758.16246.64772.29178.53817.60766.16280.59620.",2,5761,3300,NA,NA,NA,NA,"tDzK7FTJqW3LwAr4",4,963221,1081668,641,1,118.447,4,10,NA,NA,NA
"107",1066998,"damage",NA,7,61,NA,67760,"16246.64772.29178.53817.16280.59620.",16,2742,3046,NA,NA,305,NA,"tDzK7FTJqW3LwAr4",4,963221,1081668,641,1,118.447,4,10,304,NA,NA
"108",1076742,"damage",NA,7,61,NA,67760,"16246.29178.53817.16280.",17,4447,3184,NA,NA,637,NA,"tDzK7FTJqW3LwAr4",4,963221,1081668,641,1,118.447,4,10,NA,NA,NA
"109",1469297,"damage",NA,7,71,NA,67760,"54758.16246.29178.48934.53817.60766.16280.53909.",16,1763,1959,NA,NA,196,NA,"tDzK7FTJqW3LwAr4",5,1462980,1674889,645,0,211.909,5,10,196,NA,NA
"110",1476358,"damage",NA,7,71,NA,67760,"54758.16246.64772.29178.48934.53817.55637.60766.16280.53909.",16,1826,2029,NA,NA,203,NA,"tDzK7FTJqW3LwAr4",5,1462980,1674889,645,0,211.909,5,10,203,NA,NA
"111",1484303,"damage",NA,7,71,NA,67760,"16246.29178.48934.53817.55637.16280.59620.",2,3148,2037,NA,NA,NA,NA,"tDzK7FTJqW3LwAr4",5,1462980,1674889,645,0,211.909,5,10,NA,NA,NA
"112",1493509,"damage",NA,7,71,NA,67760,"16246.29178.48934.53817.16280.",1,1960,1960,NA,NA,NA,NA,"tDzK7FTJqW3LwAr4",5,1462980,1674889,645,0,211.909,5,10,NA,NA,NA
"113",1501968,"damage",NA,7,71,NA,67760,"29178.48934.53817.16280.",17,2880,2071,NA,NA,207,NA,"tDzK7FTJqW3LwAr4",5,1462980,1674889,645,0,211.909,5,10,NA,NA,NA
"114",1510427,"damage",NA,7,71,NA,67760,"16246.29178.48934.53817.16280.59620.",16,1584,1980,1,NA,396,NA,"tDzK7FTJqW3LwAr4",5,1462980,1674889,645,0,211.909,5,10,396,NA,NA
"115",1521687,"damage",NA,7,71,NA,67760,"16246.64772.29178.48934.53817.60766.16280.",1,2270,2270,1,NA,NA,NA,"tDzK7FTJqW3LwAr4",5,1462980,1674889,645,0,211.909,5,10,NA,NA,NA
"116",1533253,"damage",NA,7,71,NA,67760,"54758.16246.29178.48934.53817.60766.16280.59620.",1,1974,1974,NA,NA,NA,NA,"tDzK7FTJqW3LwAr4",5,1462980,1674889,645,0,211.909,5,10,NA,NA,NA
"117",1541905,"damage",NA,7,75,4,67760,"54758.16246.29178.48934.53817.55637.60766.16280.",16,1953,2170,NA,NA,217,NA,"tDzK7FTJqW3LwAr4",5,1462980,1674889,645,0,211.909,5,10,217,NA,NA
"118",1563155,"damage",NA,7,79,2,67760,"16246.29178.48934.16280.",2,3143,2034,NA,NA,NA,NA,"tDzK7FTJqW3LwAr4",5,1462980,1674889,645,0,211.909,5,10,NA,NA,NA
"119",1624134,"damage",NA,7,71,NA,67760,"54758.16246.29178.48934.55637.60766.16280.",16,1959,2177,NA,NA,218,NA,"tDzK7FTJqW3LwAr4",5,1462980,1674889,645,0,211.909,5,10,218,NA,NA
"120",1633873,"damage",NA,7,71,NA,67760,"16246.29178.48934.53817.60766.16280.59620.",16,1871,2079,NA,NA,208,NA,"tDzK7FTJqW3LwAr4",5,1462980,1674889,645,0,211.909,5,10,208,NA,NA
"121",1644188,"damage",NA,7,71,NA,67760,"16246.32182.29178.48934.53817.60766.16280.59620.",1,2120,2120,NA,NA,NA,NA,"tDzK7FTJqW3LwAr4",5,1462980,1674889,645,0,211.909,5,10,NA,NA,NA
"122",1907352,"damage",NA,7,71,NA,67760,"55637.54758.16246.64772.16280.29178.48934.53909.",1,1983,1983,NA,NA,NA,NA,"tDzK7FTJqW3LwAr4",6,1898235,2124827,645,0,226.592,6,10,NA,NA,NA
"123",1915996,"damage",NA,7,71,NA,67760,"53817.55637.16246.60766.64772.29178.48934.59620.",1,2272,2272,NA,NA,NA,NA,"tDzK7FTJqW3LwAr4",6,1898235,2124827,645,0,226.592,6,10,NA,NA,NA
"124",1928301,"damage",NA,7,71,NA,67760,"53817.16246.60766.16280.29178.48934.59620.",16,1981,2201,NA,NA,220,NA,"tDzK7FTJqW3LwAr4",6,1898235,2124827,645,0,226.592,6,10,220,NA,NA
"125",1937635,"damage",NA,7,71,NA,67760,"53817.60766.16280.29178.48934.",1,2211,2211,NA,NA,NA,NA,"tDzK7FTJqW3LwAr4",6,1898235,2124827,645,0,226.592,6,10,NA,NA,NA
"126",1947833,"damage",NA,7,71,NA,67760,"53817.16246.60766.16280.29178.48934.59620.",16,2012,2236,NA,NA,224,NA,"tDzK7FTJqW3LwAr4",6,1898235,2124827,645,0,226.592,6,10,224,NA,NA
"127",1957042,"damage",NA,7,71,NA,67760,"53817.16246.60766.64772.16280.29178.48934.59620.",17,2736,1968,NA,NA,197,NA,"tDzK7FTJqW3LwAr4",6,1898235,2124827,645,0,226.592,6,10,NA,NA,NA
"128",1964611,"damage",NA,7,71,NA,67760,"53817.55637.16246.16280.29178.48934.",16,1574,1968,NA,NA,394,NA,"tDzK7FTJqW3LwAr4",6,1898235,2124827,645,0,226.592,6,10,394,NA,NA
"129",1973347,"damage",NA,7,71,NA,67760,"53817.55637.54758.16246.16280.29178.48934.",2,3331,2156,NA,NA,NA,NA,"tDzK7FTJqW3LwAr4",6,1898235,2124827,645,0,226.592,6,10,NA,NA,NA
"130",1987233,"damage",NA,7,75,3,67760,"16246.60766.16280.29178.48934.",1,2242,2242,8,NA,NA,NA,"tDzK7FTJqW3LwAr4",6,1898235,2124827,645,0,226.592,6,10,NA,NA,NA
"131",2054627,"damage",NA,7,71,NA,67760,"53817.55637.54758.60766.16280.48934.",2,3444,2229,NA,NA,NA,NA,"tDzK7FTJqW3LwAr4",6,1898235,2124827,645,0,226.592,6,10,NA,NA,NA
"132",2062153,"damage",NA,7,71,NA,67760,"53817.55637.54758.53908.16246.64772.16280.29178.48934.",16,1857,2064,NA,NA,206,NA,"tDzK7FTJqW3LwAr4",6,1898235,2124827,645,0,226.592,6,10,207,NA,NA
"133",2072725,"damage",NA,7,71,NA,67760,"53817.53908.16246.60766.16280.29178.48934.59620.",2,3028,1960,NA,NA,NA,NA,"tDzK7FTJqW3LwAr4",6,1898235,2124827,645,0,226.592,6,10,NA,NA,NA
"134",2081581,"damage",NA,7,71,NA,67760,"53817.60766.16280.29178.48934.59620.",1,2253,2253,NA,NA,NA,NA,"tDzK7FTJqW3LwAr4",6,1898235,2124827,645,0,226.592,6,10,NA,NA,NA
"135",2091269,"damage",NA,7,71,NA,67760,"53817.16246.16280.29178.48934.59620.",16,1853,2059,NA,NA,206,NA,"tDzK7FTJqW3LwAr4",6,1898235,2124827,645,0,226.592,6,10,206,NA,NA
"136",2100085,"damage",NA,7,71,NA,67760,"53817.16246.16280.29178.48934.",17,3137,2256,NA,NA,226,NA,"tDzK7FTJqW3LwAr4",6,1898235,2124827,645,0,226.592,6,10,NA,NA,NA
"137",2109341,"damage",NA,7,71,NA,67760,"53817.16246.64772.16280.29178.48934.",2,3401,2201,NA,NA,NA,NA,"tDzK7FTJqW3LwAr4",6,1898235,2124827,645,0,226.592,6,10,NA,NA,NA
"138",2121472,"damage",NA,7,71,NA,67760,"53817.55637.16280.48934.",17,3062,2202,NA,NA,220,NA,"tDzK7FTJqW3LwAr4",6,1898235,2124827,645,0,226.592,6,10,NA,NA,NA
"139",2311685,"damage",NA,7,71,NA,67760,"54758.16246.64772.29178.53817.55637.60766.16280.53909.",16,1879,2088,NA,NA,209,NA,"tDzK7FTJqW3LwAr4",7,2303271,2553623,645,1,250.352,7,10,209,NA,NA
"140",2319000,"damage",NA,7,71,NA,67760,"54758.16246.64772.29178.53817.55637.60766.16280.",16,2003,2226,NA,NA,223,NA,"tDzK7FTJqW3LwAr4",7,2303271,2553623,645,1,250.352,7,10,223,NA,NA
"141",2327061,"damage",NA,7,71,NA,67760,"16246.29178.53817.60766.16280.",1,2059,2059,NA,NA,NA,NA,"tDzK7FTJqW3LwAr4",7,2303271,2553623,645,1,250.352,7,10,NA,NA,NA
"142",2336159,"damage",NA,7,71,NA,67760,"29178.60766.16280.59620.",17,3042,2188,NA,NA,219,NA,"tDzK7FTJqW3LwAr4",7,2303271,2553623,645,1,250.352,7,10,NA,NA,NA
"143",2344149,"damage",NA,7,71,NA,67760,"16246.29178.53817.60766.16280.59620.",17,2816,2025,NA,NA,203,NA,"tDzK7FTJqW3LwAr4",7,2303271,2553623,645,1,250.352,7,10,NA,NA,NA
"144",2352705,"damage",NA,7,71,NA,67760,"16246.29178.53817.60766.16280.59620.",1,2177,2177,NA,NA,NA,NA,"tDzK7FTJqW3LwAr4",7,2303271,2553623,645,1,250.352,7,10,NA,NA,NA
"145",2361300,"damage",NA,7,71,NA,67760,"64772.53817.16280.",16,1966,2185,NA,NA,219,NA,"tDzK7FTJqW3LwAr4",7,2303271,2553623,645,1,250.352,7,10,219,NA,NA
"146",2368321,"damage",NA,7,71,NA,67760,"54758.16246.29178.53817.60766.16280.59620.",1,2201,2201,NA,NA,NA,NA,"tDzK7FTJqW3LwAr4",7,2303271,2553623,645,1,250.352,7,10,NA,NA,NA
"147",2375527,"damage",NA,7,71,NA,67760,"54758.16246.29178.53817.55637.60766.16280.59620.",1,2269,2269,NA,NA,NA,NA,"tDzK7FTJqW3LwAr4",7,2303271,2553623,645,1,250.352,7,10,NA,NA,NA
"148",2384843,"damage",NA,7,71,NA,67760,"16246.29178.55637.60766.16280.",16,1921,2135,NA,NA,214,NA,"tDzK7FTJqW3LwAr4",7,2303271,2553623,645,1,250.352,7,10,214,NA,NA
"149",2402539,"damage",NA,7,79,2,67760,"16246.29178.53817.",2,3444,2229,1,NA,NA,NA,"tDzK7FTJqW3LwAr4",7,2303271,2553623,645,1,250.352,7,10,NA,NA,NA
"150",2455866,"damage",NA,7,71,NA,67760,"53817.55637.16280.",17,2916,2097,NA,NA,210,NA,"tDzK7FTJqW3LwAr4",7,2303271,2553623,645,1,250.352,7,10,NA,NA,NA
"151",2463568,"damage",NA,7,71,NA,67760,"54758.16246.29178.53817.55637.60766.16280.",1,2045,2045,NA,NA,NA,NA,"tDzK7FTJqW3LwAr4",7,2303271,2553623,645,1,250.352,7,10,NA,NA,NA
"152",2470295,"damage",NA,7,71,NA,67760,"54758.16246.29178.53817.55637.16280.59620.",1,2155,2155,NA,NA,NA,NA,"tDzK7FTJqW3LwAr4",7,2303271,2553623,645,1,250.352,7,10,NA,NA,NA
"153",2479518,"damage",NA,7,71,NA,67760,"53908.32182.29178.53817.16280.59620.",1,2009,2009,NA,NA,NA,NA,"tDzK7FTJqW3LwAr4",7,2303271,2553623,645,1,250.352,7,10,NA,NA,NA
"154",2487864,"damage",NA,7,71,NA,67760,"53908.64772.32182.29178.16280.59620.",1,2246,2246,1,NA,NA,NA,"tDzK7FTJqW3LwAr4",7,2303271,2553623,645,1,250.352,7,10,NA,NA,NA
"155",2495024,"damage",NA,7,71,NA,67760,"16246.32182.29178.60766.59620.",16,1690,2113,1,NA,423,NA,"tDzK7FTJqW3LwAr4",7,2303271,2553623,645,1,250.352,7,10,423,NA,NA
"156",2502628,"damage",NA,7,71,NA,67760,"16246.32182.29178.53817.60766.16280.",17,2882,2073,1,NA,207,NA,"tDzK7FTJqW3LwAr4",7,2303271,2553623,645,1,250.352,7,10,NA,NA,NA
"157",2510022,"damage",NA,7,71,NA,67760,"16246.32182.29178.53817.60766.16280.",2,3058,1979,NA,NA,NA,NA,"tDzK7FTJqW3LwAr4",7,2303271,2553623,645,1,250.352,7,10,NA,NA,NA
"158",2519542,"damage",NA,7,71,NA,67760,"16246.29178.53817.55637.60766.16280.59620.",17,2823,2030,NA,NA,203,NA,"tDzK7FTJqW3LwAr4",7,2303271,2553623,645,1,250.352,7,10,NA,NA,NA
"159",2527055,"damage",NA,7,71,NA,67760,"54758.16246.29178.53817.55637.60766.16280.59620.",2,3175,2055,NA,NA,NA,NA,"tDzK7FTJqW3LwAr4",7,2303271,2553623,645,1,250.352,7,10,NA,NA,NA
"160",2536395,"damage",NA,7,71,NA,67760,"16246.64772.29178.53817.60766.16280.",1,2158,2158,NA,NA,NA,NA,"tDzK7FTJqW3LwAr4",7,2303271,2553623,645,1,250.352,7,10,NA,NA,NA
"161",2545022,"damage",NA,7,71,NA,67760,"64772.29178.53817.60766.16280.",1,1996,1996,NA,NA,NA,NA,"tDzK7FTJqW3LwAr4",7,2303271,2553623,645,1,250.352,7,10,NA,NA,NA
"162",18898340,"damage",NA,371,63,NA,67760,"64868.54758.55342.12472.12042.55637.54648.",17,3679,2341,NA,NA,234,NA,"D3zVab78GpJ2dXM4",27,18890197,19190020,629,1,299.823,27,10,NA,NA,NA
"163",18910127,"damage",NA,371,63,NA,67760,"55342.12472.44413.12042.54648.",2,4162,2383,NA,NA,NA,NA,"D3zVab78GpJ2dXM4",27,18890197,19190020,629,1,299.823,27,10,NA,NA,NA
"164",18932253,"damage",NA,371,63,NA,67760,"44413.54648.",16,1884,2093,NA,NA,209,NA,"D3zVab78GpJ2dXM4",27,18890197,19190020,629,1,299.823,27,10,209,NA,NA
"165",18943995,"damage",NA,371,64,2,67760,"64868.54648.",1,2629,2326,NA,NA,NA,NA,"D3zVab78GpJ2dXM4",27,18890197,19190020,629,1,299.823,27,10,NA,NA,NA
"166",18995148,"damage",NA,371,70,NA,67760,"64868.54758.26297.12042.44401.54648.",16,2269,2231,NA,NA,223,NA,"D3zVab78GpJ2dXM4",27,18890197,19190020,629,1,299.823,27,10,NA,NA,NA
"167",19008092,"damage",NA,371,70,NA,67760,"54648.",17,3145,2252,NA,NA,450,NA,"D3zVab78GpJ2dXM4",27,18890197,19190020,629,1,299.823,27,10,NA,NA,NA
"168",19018384,"damage",NA,371,70,NA,67760,"44401.54648.",2,4242,2429,NA,NA,NA,NA,"D3zVab78GpJ2dXM4",27,18890197,19190020,629,1,299.823,27,10,NA,NA,NA
"169",19045352,"damage",NA,371,71,NA,67760,"64868.55637.44401.",16,1932,2415,NA,NA,483,NA,"D3zVab78GpJ2dXM4",27,18890197,19190020,629,1,299.823,27,10,483,NA,NA
"170",19054405,"damage",NA,371,71,NA,67760,"64868.12536.",16,1964,2455,NA,NA,491,NA,"D3zVab78GpJ2dXM4",27,18890197,19190020,629,1,299.823,27,10,491,NA,NA
"171",19067075,"damage",NA,371,71,NA,67760,"44413.44401.",16,2305,2266,NA,NA,227,NA,"D3zVab78GpJ2dXM4",27,18890197,19190020,629,1,299.823,27,10,NA,NA,NA
"172",19076794,"damage",NA,371,71,NA,67760,"44401.",2,3857,2208,NA,NA,NA,NA,"D3zVab78GpJ2dXM4",27,18890197,19190020,629,1,299.823,27,10,NA,NA,NA
"173",19102922,"damage",NA,371,112,NA,67760,"64868.55637.",17,3824,2433,NA,NA,243,NA,"D3zVab78GpJ2dXM4",27,18890197,19190020,629,1,299.823,27,10,NA,NA,NA
"174",19129357,"damage",NA,371,112,NA,67760,NA,1,2776,2456,NA,NA,NA,NA,"D3zVab78GpJ2dXM4",27,18890197,19190020,629,1,299.823,27,10,NA,NA,NA
"175",19141810,"damage",NA,371,112,NA,67760,"64868.54758.55342.12472.12042.44401.",16,3534,2208,NA,NA,442,NA,"D3zVab78GpJ2dXM4",27,18890197,19190020,629,1,299.823,27,10,NA,NA,NA
"176",19150947,"damage",NA,371,112,NA,67760,"64868.54758.55342.12472.12536.12042.44401.2825.53909.",16,4871,2394,NA,NA,239,NA,"D3zVab78GpJ2dXM4",27,18890197,19190020,629,1,299.823,27,10,NA,NA,NA
"177",19159711,"damage",NA,371,112,NA,67760,"55342.12472.44401.2825.",1,2475,2190,NA,NA,NA,NA,"D3zVab78GpJ2dXM4",27,18890197,19190020,629,1,299.823,27,10,NA,NA,NA
"178",19177001,"damage",NA,371,112,NA,67760,"55637.44401.2825.",16,2417,2377,NA,NA,238,NA,"D3zVab78GpJ2dXM4",27,18890197,19190020,629,1,299.823,27,10,NA,NA,NA
"179",19353413,"damage",NA,371,140,NA,67760,"64868.55637.",2,3233,2092,NA,NA,NA,NA,"D3zVab78GpJ2dXM4",28,19345475,19490566,633,1,145.091,28,10,NA,NA,NA
"180",19391002,"damage",NA,371,144,NA,67760,"44401.",2,5851,3786,NA,NA,NA,NA,"D3zVab78GpJ2dXM4",28,19345475,19490566,633,1,145.091,28,10,NA,NA,NA
"181",19398508,"damage",NA,371,140,NA,67760,"64868.",2,2030,1162,8,NA,NA,NA,"D3zVab78GpJ2dXM4",28,19345475,19490566,633,1,145.091,28,10,NA,NA,NA
"182",19414820,"damage",NA,371,140,NA,67760,"12536.",2,5901,3819,NA,NA,NA,NA,"D3zVab78GpJ2dXM4",28,19345475,19490566,633,1,145.091,28,10,NA,NA,NA
"183",19421659,"damage",NA,371,140,NA,67760,"44401.",16,3839,3775,NA,NA,378,NA,"D3zVab78GpJ2dXM4",28,19345475,19490566,633,1,145.091,28,10,NA,NA,NA
"184",19431043,"damage",NA,371,146,NA,67760,"44401.",1,3648,3648,NA,NA,NA,NA,"D3zVab78GpJ2dXM4",28,19345475,19490566,633,1,145.091,28,10,NA,NA,NA
"185",19441137,"damage",NA,371,140,NA,67760,"55637.",17,3254,2340,NA,NA,234,NA,"D3zVab78GpJ2dXM4",28,19345475,19490566,633,1,145.091,28,10,NA,NA,NA
"186",19465492,"damage",NA,371,140,NA,67760,NA,17,6587,4716,NA,NA,943,NA,"D3zVab78GpJ2dXM4",28,19345475,19490566,633,1,145.091,28,10,NA,NA,NA
"187",19480926,"damage",NA,371,140,NA,67760,"12042.",17,6054,4334,NA,NA,867,NA,"D3zVab78GpJ2dXM4",28,19345475,19490566,633,1,145.091,28,10,NA,NA,NA
"188",19702035,"damage",NA,371,391,NA,67760,"55342.53908.",1,2407,2407,NA,NA,NA,NA,"D3zVab78GpJ2dXM4",30,19701051,19867839,637,1,166.788,30,10,NA,8,NA
"189",19713020,"damage",NA,371,391,NA,67760,"64868.54758.55342.12472.26297.12536.57531.12042.55637.53908.54648.",2,3827,2191,NA,NA,NA,NA,"D3zVab78GpJ2dXM4",30,19701051,19867839,637,1,166.788,30,10,NA,8,NA
"190",19748223,"damage",NA,371,178,NA,67760,"54648.",1,2178,2178,NA,NA,NA,NA,"D3zVab78GpJ2dXM4",30,19701051,19867839,637,1,166.788,30,10,NA,3,NA
"191",19769455,"damage",NA,371,178,NA,67760,"54648.",2,3760,2153,NA,NA,NA,NA,"D3zVab78GpJ2dXM4",30,19701051,19867839,637,1,166.788,30,10,NA,3,NA
"192",19780148,"damage",NA,371,178,NA,67760,"64868.55637.54648.",2,4103,2349,NA,NA,NA,NA,"D3zVab78GpJ2dXM4",30,19701051,19867839,637,1,166.788,30,10,NA,3,NA
"193",19809648,"damage",NA,371,173,NA,67760,"54758.12042.54648.",2,3875,2219,NA,NA,NA,NA,"D3zVab78GpJ2dXM4",30,19701051,19867839,637,1,166.788,30,10,NA,1,NA
"194",19823604,"damage",NA,371,392,NA,67760,"44401.",1,2656,2350,NA,NA,NA,NA,"D3zVab78GpJ2dXM4",30,19701051,19867839,637,1,166.788,30,10,NA,NA,NA
"195",19835616,"damage",NA,371,168,NA,67760,"55637.44401.54648.",2,3647,2360,NA,NA,NA,NA,"D3zVab78GpJ2dXM4",30,19701051,19867839,637,1,166.788,30,10,NA,NA,NA
"196",19842085,"damage",NA,371,168,NA,67760,"64868.55637.54648.",2,3274,2118,NA,NA,NA,NA,"D3zVab78GpJ2dXM4",30,19701051,19867839,637,1,166.788,30,10,NA,NA,NA
"197",19860341,"damage",NA,371,177,NA,67760,"44401.54648.",2,3321,2149,NA,NA,NA,NA,"D3zVab78GpJ2dXM4",30,19701051,19867839,637,1,166.788,30,10,NA,NA,NA
"198",20035169,"damage",NA,371,221,NA,67760,"55342.44401.54648.",1,3291,3291,NA,NA,NA,NA,"D3zVab78GpJ2dXM4",31,20025145,20194143,641,1,168.998,31,10,NA,NA,NA
"199",20042508,"damage",NA,371,221,NA,67760,"54758.64868.55342.12472.12042.55637.2825.54648.53909.",16,2884,3204,NA,NA,320,NA,"D3zVab78GpJ2dXM4",31,20025145,20194143,641,1,168.998,31,10,320,NA,NA
"200",20051349,"damage",NA,371,221,NA,67760,"64868.55342.12472.12042.2825.54648.53909.",2,4885,3162,NA,NA,NA,NA,"D3zVab78GpJ2dXM4",31,20025145,20194143,641,1,168.998,31,10,NA,NA,NA
"201",20062751,"damage",NA,371,221,NA,67760,"44401.2825.54648.",1,3304,3304,NA,NA,NA,NA,"D3zVab78GpJ2dXM4",31,20025145,20194143,641,1,168.998,31,10,NA,NA,NA
"202",20076807,"damage",NA,371,221,NA,67760,"12536.2825.54648.",16,3179,3532,NA,NA,353,NA,"D3zVab78GpJ2dXM4",31,20025145,20194143,641,1,168.998,31,10,353,NA,NA
"203",20095745,"damage",NA,371,221,NA,67760,NA,16,2004,2226,NA,NA,223,NA,"D3zVab78GpJ2dXM4",31,20025145,20194143,641,1,168.998,31,10,222,NA,NA
"204",20119971,"damage",NA,371,223,NA,67760,"64868.12536.44401.54648.",3,0,2413,NA,NA,NA,NA,"D3zVab78GpJ2dXM4",31,20025145,20194143,641,1,168.998,31,10,NA,NA,2983
"205",20131927,"damage",NA,371,221,NA,67760,"64868.44401.54648.",2,3853,2206,NA,NA,NA,NA,"D3zVab78GpJ2dXM4",31,20025145,20194143,641,1,168.998,31,10,NA,NA,NA
"206",20147426,"damage",NA,371,221,NA,67760,"54758.12042.54648.",16,2425,2384,NA,NA,238,NA,"D3zVab78GpJ2dXM4",31,20025145,20194143,641,1,168.998,31,10,NA,NA,NA
"207",20157391,"damage",NA,371,221,NA,67760,"54648.",17,3596,2288,NA,NA,229,NA,"D3zVab78GpJ2dXM4",31,20025145,20194143,641,1,168.998,31,10,NA,NA,NA
"208",20175959,"damage",NA,371,221,NA,67760,"64868.55637.54648.",16,2096,2319,NA,NA,464,NA,"D3zVab78GpJ2dXM4",31,20025145,20194143,641,1,168.998,31,10,223,NA,NA
"209",20675114,"damage",NA,371,395,NA,67760,"54648.",16,2453,2412,NA,NA,241,NA,"D3zVab78GpJ2dXM4",32,20661528,20792448,645,0,130.92,32,10,NA,NA,NA
"210",20682180,"damage",NA,371,395,NA,67760,"54758.44401.54648.12472.",16,2256,2218,NA,NA,222,NA,"D3zVab78GpJ2dXM4",32,20661528,20792448,645,0,130.92,32,10,NA,NA,NA
"211",20691138,"damage",NA,371,395,NA,67760,"54758.26297.64868.12042.55637.54648.12472.",1,2467,2183,NA,NA,NA,NA,"D3zVab78GpJ2dXM4",32,20661528,20792448,645,0,130.92,32,10,NA,NA,NA
"212",20704600,"damage",NA,371,395,NA,67760,"12536.57531.54648.",2,3375,2184,NA,NA,NA,NA,"D3zVab78GpJ2dXM4",32,20661528,20792448,645,0,130.92,32,10,NA,NA,NA
"213",20714860,"damage",NA,371,395,NA,67760,"54648.",2,4121,2360,NA,NA,NA,NA,"D3zVab78GpJ2dXM4",32,20661528,20792448,645,0,130.92,32,10,NA,NA,NA
"214",20729093,"damage",NA,371,395,NA,67760,"44401.54648.",17,3101,2220,NA,NA,444,NA,"D3zVab78GpJ2dXM4",32,20661528,20792448,645,0,130.92,32,10,NA,NA,NA
"215",20735266,"damage",NA,371,395,NA,67760,"54648.",2,3645,2087,NA,NA,NA,NA,"D3zVab78GpJ2dXM4",32,20661528,20792448,645,0,130.92,32,10,NA,NA,NA
"216",20764563,"damage",NA,371,403,2,67760,"44401.",1,2220,2220,NA,NA,NA,NA,"D3zVab78GpJ2dXM4",32,20661528,20792448,645,0,130.92,32,10,NA,NA,NA
"217",20977810,"damage",NA,371,395,NA,67760,"54758.26297.55342.55637.53908.28682.48108.12472.",1,2038,2038,NA,NA,NA,NA,"D3zVab78GpJ2dXM4",33,20965922,21112846,645,0,146.924,33,10,NA,NA,NA
"218",20993845,"damage",NA,371,395,NA,67760,"64868.",2,3854,2207,NA,NA,NA,NA,"D3zVab78GpJ2dXM4",33,20965922,21112846,645,0,146.924,33,10,NA,NA,NA
"219",21018172,"damage",NA,371,395,NA,67760,NA,16,1872,2071,2,NA,414,NA,"D3zVab78GpJ2dXM4",33,20965922,21112846,645,0,146.924,33,10,199,NA,NA
"220",21029024,"damage",NA,371,395,NA,67760,NA,17,3397,2161,NA,NA,216,NA,"D3zVab78GpJ2dXM4",33,20965922,21112846,645,0,146.924,33,10,NA,NA,NA
"221",21044006,"damage",NA,371,395,NA,67760,"64868.55637.48108.",2,3708,2123,NA,NA,NA,NA,"D3zVab78GpJ2dXM4",33,20965922,21112846,645,0,146.924,33,10,NA,NA,NA
"222",21277980,"damage",NA,371,395,NA,67760,"54758.64868.55342.12472.48108.",1,2551,2257,NA,NA,NA,NA,"D3zVab78GpJ2dXM4",34,21252588,21411234,645,0,158.646,34,10,NA,NA,NA
"223",21286717,"damage",NA,371,395,NA,67760,"12472.48108.",2,3776,2163,NA,NA,NA,NA,"D3zVab78GpJ2dXM4",34,21252588,21411234,645,0,158.646,34,10,NA,NA,NA
"224",21296237,"damage",NA,371,395,NA,67760,"48108.",16,2231,2193,NA,NA,219,NA,"D3zVab78GpJ2dXM4",34,21252588,21411234,645,0,158.646,34,10,NA,NA,NA
"225",21307197,"damage",NA,371,395,NA,67760,"48108.",16,2123,2087,NA,NA,209,NA,"D3zVab78GpJ2dXM4",34,21252588,21411234,645,0,158.646,34,10,NA,NA,NA
"226",21321357,"damage",NA,371,395,NA,67760,"55637.",17,3180,2023,NA,NA,202,NA,"D3zVab78GpJ2dXM4",34,21252588,21411234,645,0,158.646,34,10,NA,NA,NA
"227",21338313,"damage",NA,371,400,4,67760,"54741.",1,2191,2191,NA,NA,NA,NA,"D3zVab78GpJ2dXM4",34,21252588,21411234,645,0,158.646,34,10,NA,NA,NA
"228",21366408,"damage",NA,371,403,2,67760,"48108.",1,2078,2078,2,NA,NA,NA,"D3zVab78GpJ2dXM4",34,21252588,21411234,645,0,158.646,34,10,NA,NA,NA
"229",21568142,"damage",NA,371,395,NA,67760,"55342.53908.",17,2979,2133,NA,NA,427,NA,"D3zVab78GpJ2dXM4",35,21558817,21777292,645,0,218.475,35,10,NA,NA,NA
"230",21578326,"damage",NA,371,395,NA,67760,"26297.54758.55342.55637.12472.",17,3604,2293,NA,NA,229,NA,"D3zVab78GpJ2dXM4",35,21558817,21777292,645,0,218.475,35,10,NA,NA,NA
"231",21588794,"damage",NA,371,395,NA,67760,"64868.55637.12472.",2,3552,2034,NA,NA,NA,NA,"D3zVab78GpJ2dXM4",35,21558817,21777292,645,0,218.475,35,10,NA,NA,NA
"232",21598904,"damage",NA,371,395,NA,67760,"48108.",17,3394,2159,NA,NA,216,NA,"D3zVab78GpJ2dXM4",35,21558817,21777292,645,0,218.475,35,10,NA,NA,NA
"233",21617513,"damage",NA,371,395,NA,67760,"48108.",17,3295,2097,NA,NA,210,NA,"D3zVab78GpJ2dXM4",35,21558817,21777292,645,0,218.475,35,10,NA,NA,NA
"234",21636936,"damage",NA,371,400,4,67760,"64868.",1,2177,2177,NA,NA,NA,NA,"D3zVab78GpJ2dXM4",35,21558817,21777292,645,0,218.475,35,10,NA,NA,NA
"235",21666002,"damage",NA,371,403,5,67760,NA,2,3453,2235,NA,NA,NA,NA,"D3zVab78GpJ2dXM4",35,21558817,21777292,645,0,218.475,35,10,NA,NA,NA
"236",21688837,"damage",NA,371,403,2,67760,NA,2,3383,2189,NA,NA,NA,NA,"D3zVab78GpJ2dXM4",35,21558817,21777292,645,0,218.475,35,10,NA,NA,NA
"237",21716675,"damage",NA,371,395,NA,67760,"55637.",17,3314,2109,NA,NA,211,NA,"D3zVab78GpJ2dXM4",35,21558817,21777292,645,0,218.475,35,10,NA,NA,NA
"238",21726019,"damage",NA,371,395,NA,67760,"55637.",17,3645,2319,NA,NA,232,NA,"D3zVab78GpJ2dXM4",35,21558817,21777292,645,0,218.475,35,10,NA,NA,NA
"239",21739077,"damage",NA,371,400,6,67760,"12472.",16,806,2175,2,1151,218,NA,"D3zVab78GpJ2dXM4",35,21558817,21777292,645,0,218.475,35,10,218,NA,NA
"240",21752179,"damage",NA,371,395,NA,67760,"2825.",17,3646,2320,NA,NA,232,NA,"D3zVab78GpJ2dXM4",35,21558817,21777292,645,0,218.475,35,10,NA,NA,NA
"241",21762010,"damage",NA,371,395,NA,67760,"64868.2825.",16,2280,2242,NA,NA,224,NA,"D3zVab78GpJ2dXM4",35,21558817,21777292,645,0,218.475,35,10,NA,NA,NA
"242",21983960,"damage",NA,371,395,NA,67760,"64868.55342.55637.",1,2627,2324,NA,NA,NA,NA,"D3zVab78GpJ2dXM4",36,21969456,22108648,645,0,139.192,36,10,NA,NA,NA
"243",22000468,"damage",NA,371,395,NA,67760,"12472.",2,3557,2037,NA,NA,NA,NA,"D3zVab78GpJ2dXM4",36,21969456,22108648,645,0,139.192,36,10,NA,NA,NA
"244",22017365,"damage",NA,371,395,NA,67760,NA,16,1858,2055,NA,NA,411,NA,"D3zVab78GpJ2dXM4",36,21969456,22108648,645,0,139.192,36,10,197,NA,NA
"245",22032850,"damage",NA,371,395,NA,67760,"55637.",1,2464,2180,NA,NA,NA,NA,"D3zVab78GpJ2dXM4",36,21969456,22108648,645,0,139.192,36,10,NA,NA,NA
"246",22046378,"damage",NA,371,395,NA,67760,"64868.48108.",16,2366,2326,NA,NA,233,NA,"D3zVab78GpJ2dXM4",36,21969456,22108648,645,0,139.192,36,10,NA,NA,NA
"247",22271853,"damage",NA,371,395,NA,67760,"64868.55342.55637.53908.",1,2305,2039,NA,NA,NA,NA,"D3zVab78GpJ2dXM4",37,22259110,22430726,645,0,171.616,37,10,NA,NA,NA
"248",22280531,"damage",NA,371,395,NA,67760,"64868.54758.26297.55342.55637.12472.",1,2368,2095,NA,NA,NA,NA,"D3zVab78GpJ2dXM4",37,22259110,22430726,645,0,171.616,37,10,NA,NA,NA
"249",22303571,"damage",NA,371,395,NA,67760,NA,17,3617,2302,NA,NA,230,NA,"D3zVab78GpJ2dXM4",37,22259110,22430726,645,0,171.616,37,10,NA,NA,NA
"250",22316520,"damage",NA,371,395,NA,67760,NA,17,3190,2030,NA,NA,203,NA,"D3zVab78GpJ2dXM4",37,22259110,22430726,645,0,171.616,37,10,NA,NA,NA
"251",22331659,"damage",NA,371,395,NA,67760,"55637.",17,3654,2325,NA,NA,233,NA,"D3zVab78GpJ2dXM4",37,22259110,22430726,645,0,171.616,37,10,NA,NA,NA
"252",22339383,"damage",NA,371,400,3,67760,"55637.48108.",2,3560,2039,NA,NA,NA,NA,"D3zVab78GpJ2dXM4",37,22259110,22430726,645,0,171.616,37,10,NA,NA,NA
"253",22389162,"damage",NA,371,403,1,67760,"48108.",2,2152,2196,NA,1242,NA,NA,"D3zVab78GpJ2dXM4",37,22259110,22430726,645,0,171.616,37,10,NA,NA,NA
"254",22401046,"damage",NA,371,403,9,67760,"64868.55637.",1,768,2261,NA,1493,NA,NA,"D3zVab78GpJ2dXM4",37,22259110,22430726,645,0,171.616,37,10,NA,NA,NA
"255",22576655,"damage",NA,371,395,NA,67760,"64868.55342.55637.",17,3495,2224,NA,NA,222,NA,"D3zVab78GpJ2dXM4",38,22562789,22790435,645,0,227.646,38,10,NA,NA,NA
"256",22594272,"damage",NA,371,395,NA,67760,"12472.",2,3911,2240,2,NA,NA,NA,"D3zVab78GpJ2dXM4",38,22562789,22790435,645,0,227.646,38,10,NA,NA,NA
"257",22627891,"damage",NA,371,395,NA,67760,"64868.55637.",1,2303,2037,NA,NA,NA,NA,"D3zVab78GpJ2dXM4",38,22562789,22790435,645,0,227.646,38,10,NA,NA,NA
"258",22642562,"damage",NA,371,400,4,67760,"48108.",2,3710,2124,2,NA,NA,NA,"D3zVab78GpJ2dXM4",38,22562789,22790435,645,0,227.646,38,10,NA,NA,NA
"259",22684124,"damage",NA,371,403,1,67760,"54741.",2,3385,2190,NA,NA,NA,NA,"D3zVab78GpJ2dXM4",38,22562789,22790435,645,0,227.646,38,10,NA,NA,NA
"260",22720320,"damage",NA,371,395,NA,67760,NA,2,4027,2306,NA,NA,NA,NA,"D3zVab78GpJ2dXM4",38,22562789,22790435,645,0,227.646,38,10,NA,NA,NA
"261",22735794,"damage",NA,371,395,NA,67760,"64868.",16,1826,2283,NA,NA,457,NA,"D3zVab78GpJ2dXM4",38,22562789,22790435,645,0,227.646,38,10,457,NA,NA
"262",22753234,"damage",NA,371,395,NA,67760,"55342.55637.",17,3549,2258,NA,NA,226,NA,"D3zVab78GpJ2dXM4",38,22562789,22790435,645,0,227.646,38,10,NA,NA,NA
"263",22769147,"damage",NA,371,395,NA,67760,"55342.12472.26297.2825.53909.",17,3323,2114,NA,NA,211,NA,"D3zVab78GpJ2dXM4",38,22562789,22790435,645,0,227.646,38,10,NA,NA,NA
"264",22778241,"damage",NA,371,395,NA,67760,"64868.55342.48108.2825.",2,3577,2048,NA,NA,NA,NA,"D3zVab78GpJ2dXM4",38,22562789,22790435,645,0,227.646,38,10,NA,NA,NA
"265",23339517,"damage",NA,371,395,NA,67760,"64868.54758.26297.55342.55637.28682.48108.12472.",1,2322,2054,NA,NA,NA,NA,"D3zVab78GpJ2dXM4",39,23322641,23607525,645,0,284.884,39,10,NA,NA,NA
"266",23350305,"damage",NA,371,395,NA,67760,"54758.55342.12472.",2,3962,2269,NA,NA,NA,NA,"D3zVab78GpJ2dXM4",39,23322641,23607525,645,0,284.884,39,10,NA,NA,NA
"267",23357507,"damage",NA,371,395,NA,67760,"54741.12472.",16,2074,2039,NA,NA,204,NA,"D3zVab78GpJ2dXM4",39,23322641,23607525,645,0,284.884,39,10,NA,NA,NA
"268",23370947,"damage",NA,371,395,NA,67760,NA,2,3544,2030,NA,NA,NA,NA,"D3zVab78GpJ2dXM4",39,23322641,23607525,645,0,284.884,39,10,NA,NA,NA
"269",23389468,"damage",NA,371,395,NA,67760,"64868.",2,3730,2136,2,NA,NA,NA,"D3zVab78GpJ2dXM4",39,23322641,23607525,645,0,284.884,39,10,NA,NA,NA
"270",23403406,"damage",NA,371,395,NA,67760,"55637.48108.",16,2262,2224,NA,NA,222,NA,"D3zVab78GpJ2dXM4",39,23322641,23607525,645,0,284.884,39,10,NA,NA,NA
"271",23430528,"damage",NA,371,403,2,67760,"54741.",2,3331,2155,NA,NA,NA,NA,"D3zVab78GpJ2dXM4",39,23322641,23607525,645,0,284.884,39,10,NA,NA,NA
"272",23467585,"damage",NA,371,403,7,67760,"55637.",1,2182,2182,NA,NA,NA,NA,"D3zVab78GpJ2dXM4",39,23322641,23607525,645,0,284.884,39,10,NA,NA,NA
"273",23482125,"damage",NA,371,395,NA,67760,"48108.",17,3271,2342,2,NA,468,NA,"D3zVab78GpJ2dXM4",39,23322641,23607525,645,0,284.884,39,10,NA,NA,NA
"274",23532165,"damage",NA,371,395,NA,67760,"55342.55637.54741.",2,3334,2157,NA,NA,NA,NA,"D3zVab78GpJ2dXM4",39,23322641,23607525,645,0,284.884,39,10,NA,NA,NA
"275",23539552,"damage",NA,371,400,7,67760,"54758.55342.55637.28682.2825.12472.",2,3293,2131,NA,NA,NA,NA,"D3zVab78GpJ2dXM4",39,23322641,23607525,645,0,284.884,39,10,NA,NA,NA
"276",23551266,"damage",NA,371,395,NA,67760,"64868.55342.53908.2825.12472.",2,3482,2253,NA,NA,NA,NA,"D3zVab78GpJ2dXM4",39,23322641,23607525,645,0,284.884,39,10,NA,NA,NA
"277",23561361,"damage",NA,371,395,NA,67760,"64868.53908.2825.48108.",16,2101,2066,NA,NA,207,NA,"D3zVab78GpJ2dXM4",39,23322641,23607525,645,0,284.884,39,10,NA,NA,NA
"278",23576422,"damage",NA,371,395,NA,67760,NA,16,1992,2204,NA,NA,441,NA,"D3zVab78GpJ2dXM4",39,23322641,23607525,645,0,284.884,39,10,212,NA,NA
"279",23588898,"damage",NA,371,395,NA,67760,"48108.",17,3147,2253,1,NA,451,NA,"D3zVab78GpJ2dXM4",39,23322641,23607525,645,0,284.884,39,10,NA,NA,NA
"280",23790056,"damage",NA,371,395,NA,67760,"64868.54758.26297.55342.55637.28682.12472.48108.",16,1908,2111,NA,NA,422,NA,"D3zVab78GpJ2dXM4",40,23772946,23999065,645,0,226.119,40,10,203,NA,NA
"281",23800241,"damage",NA,371,395,NA,67760,"12472.",2,3804,2178,NA,NA,NA,NA,"D3zVab78GpJ2dXM4",40,23772946,23999065,645,0,226.119,40,10,NA,NA,NA
"282",23808550,"damage",NA,371,395,NA,67760,"48108.",17,3174,2019,NA,NA,202,NA,"D3zVab78GpJ2dXM4",40,23772946,23999065,645,0,226.119,40,10,NA,NA,NA
"283",23847039,"damage",NA,371,395,NA,67760,"55637.",2,3701,2119,NA,NA,NA,NA,"D3zVab78GpJ2dXM4",40,23772946,23999065,645,0,226.119,40,10,NA,NA,NA
"284",23931000,"damage",NA,371,395,NA,67760,NA,2,3608,2066,NA,NA,NA,NA,"D3zVab78GpJ2dXM4",40,23772946,23999065,645,0,226.119,40,10,NA,NA,NA
"285",23967989,"damage",NA,371,395,NA,67760,"64868.55637.",1,2575,2278,NA,NA,NA,NA,"D3zVab78GpJ2dXM4",40,23772946,23999065,645,0,226.119,40,10,NA,NA,NA
"286",23978862,"damage",NA,371,395,NA,67760,"54758.26297.55342.55637.28682.12472.48108.53909.",2,3663,2098,NA,NA,NA,NA,"D3zVab78GpJ2dXM4",40,23772946,23999065,645,0,226.119,40,10,NA,NA,NA
"287",24175376,"damage",NA,371,395,NA,67760,"55342.55637.48108.",1,2519,2228,NA,NA,NA,NA,"D3zVab78GpJ2dXM4",41,24160730,24392081,645,0,231.351,41,10,NA,NA,NA
"288",24186943,"damage",NA,371,395,NA,67760,"54758.26297.55342.28682.12472.",17,2911,2084,NA,NA,417,NA,"D3zVab78GpJ2dXM4",41,24160730,24392081,645,0,231.351,41,10,NA,NA,NA
"289",24207878,"damage",NA,371,395,NA,67760,NA,16,1957,2165,NA,NA,433,NA,"D3zVab78GpJ2dXM4",41,24160730,24392081,645,0,231.351,41,10,208,NA,NA
"290",24225353,"damage",NA,371,395,NA,67760,NA,2,3766,2156,NA,NA,NA,NA,"D3zVab78GpJ2dXM4",41,24160730,24392081,645,0,231.351,41,10,NA,NA,NA
"291",24238193,"damage",NA,371,395,NA,67760,"55637.",16,2072,2037,NA,NA,204,NA,"D3zVab78GpJ2dXM4",41,24160730,24392081,645,0,231.351,41,10,NA,NA,NA
"292",24253857,"damage",NA,371,403,1,67760,NA,2,208,2322,NA,3380,NA,NA,"D3zVab78GpJ2dXM4",41,24160730,24392081,645,0,231.351,41,10,NA,NA,NA
"293",24315810,"damage",NA,371,395,NA,67760,NA,16,1850,2055,NA,NA,206,NA,"D3zVab78GpJ2dXM4",41,24160730,24392081,645,0,231.351,41,10,205,NA,NA
"294",24336339,"damage",NA,371,400,6,67760,NA,17,2943,2116,NA,NA,212,NA,"D3zVab78GpJ2dXM4",41,24160730,24392081,645,0,231.351,41,10,NA,8,NA
"295",24349142,"damage",NA,371,395,NA,67760,"55342.2825.48108.",17,3044,2179,NA,NA,436,NA,"D3zVab78GpJ2dXM4",41,24160730,24392081,645,0,231.351,41,10,NA,NA,NA
"296",24361103,"damage",NA,371,395,NA,67760,"54758.26297.55342.55637.2825.48108.12472.53909.",2,3890,2227,NA,NA,NA,NA,"D3zVab78GpJ2dXM4",41,24160730,24392081,645,0,231.351,41,10,NA,NA,NA
"297",24373063,"damage",NA,371,395,NA,67760,"64868.55342.2825.48108.",2,3861,2211,NA,NA,NA,NA,"D3zVab78GpJ2dXM4",41,24160730,24392081,645,0,231.351,41,10,NA,NA,NA
"298",24380285,"damage",NA,371,395,NA,67760,"64868.2825.48108.",1,2620,2318,NA,NA,NA,NA,"D3zVab78GpJ2dXM4",41,24160730,24392081,645,0,231.351,41,10,NA,NA,NA
"299",24595421,"damage",NA,371,395,NA,67760,"64868.54758.26297.55637.28682.12472.",1,2305,2039,NA,NA,NA,NA,"D3zVab78GpJ2dXM4",42,24567240,24817921,645,1,250.681,42,10,NA,NA,NA
"300",24602779,"damage",NA,371,395,NA,67760,"54758.12472.",2,3579,2049,NA,NA,NA,NA,"D3zVab78GpJ2dXM4",42,24567240,24817921,645,1,250.681,42,10,NA,NA,NA
"301",24622155,"damage",NA,371,395,NA,67760,NA,1,2419,2140,NA,NA,NA,NA,"D3zVab78GpJ2dXM4",42,24567240,24817921,645,1,250.681,42,10,NA,NA,NA
"302",24644794,"damage",NA,371,400,4,67760,"48108.",1,2125,2125,NA,NA,NA,NA,"D3zVab78GpJ2dXM4",42,24567240,24817921,645,1,250.681,42,10,NA,8,NA
"303",24701263,"damage",NA,371,403,9,67760,NA,2,1892,2223,NA,1544,NA,NA,"D3zVab78GpJ2dXM4",42,24567240,24817921,645,1,250.681,42,10,NA,NA,NA
"304",24724332,"damage",NA,371,395,NA,67760,"48108.",17,3355,2135,NA,NA,214,NA,"D3zVab78GpJ2dXM4",42,24567240,24817921,645,1,250.681,42,10,NA,NA,NA
"305",24734028,"damage",NA,371,395,NA,67760,"64868.55637.",1,2280,2017,NA,NA,NA,NA,"D3zVab78GpJ2dXM4",42,24567240,24817921,645,1,250.681,42,10,NA,NA,NA
"306",24743010,"damage",NA,371,395,NA,67760,"64868.",16,2294,2255,NA,NA,226,NA,"D3zVab78GpJ2dXM4",42,24567240,24817921,645,1,250.681,42,10,NA,NA,NA
"307",24754048,"damage",NA,371,395,NA,67760,NA,16,1899,2101,2,NA,420,NA,"D3zVab78GpJ2dXM4",42,24567240,24817921,645,1,250.681,42,10,202,NA,NA
"308",24769804,"damage",NA,371,395,NA,67760,"54758.55342.28682.12472.53909.",16,2061,2027,1,NA,203,NA,"D3zVab78GpJ2dXM4",42,24567240,24817921,645,1,250.681,42,10,NA,NA,NA
"309",15511925,"damage",NA,668,257,NA,67760,"12042.54758.64868.55342.55637.12472.54648.",17,3679,2341,NA,NA,234,NA,"WhCTAzbLQrJPD2HN",26,15503775,15803594,629,1,299.819,26,10,NA,NA,NA
"310",15523696,"damage",NA,668,257,NA,67760,"12042.44413.55342.12472.54648.",2,4162,2383,NA,NA,NA,NA,"WhCTAzbLQrJPD2HN",26,15503775,15803594,629,1,299.819,26,10,NA,NA,NA
"311",15545819,"damage",NA,668,257,NA,67760,"44413.54648.",16,1884,2093,NA,NA,209,NA,"WhCTAzbLQrJPD2HN",26,15503775,15803594,629,1,299.819,26,10,209,NA,NA
"312",15557577,"damage",NA,668,258,2,67760,"64868.54648.",1,2629,2326,NA,NA,NA,NA,"WhCTAzbLQrJPD2HN",26,15503775,15803594,629,1,299.819,26,10,NA,NA,NA
"313",15608720,"damage",NA,668,264,NA,67760,"26297.44401.12042.54758.64868.54648.",16,2269,2231,NA,NA,223,NA,"WhCTAzbLQrJPD2HN",26,15503775,15803594,629,1,299.819,26,10,NA,NA,NA
"314",15621660,"damage",NA,668,264,NA,67760,"54648.",17,3145,2252,NA,NA,450,NA,"WhCTAzbLQrJPD2HN",26,15503775,15803594,629,1,299.819,26,10,NA,NA,NA
"315",15631954,"damage",NA,668,264,NA,67760,"44401.54648.",2,4242,2429,NA,NA,NA,NA,"WhCTAzbLQrJPD2HN",26,15503775,15803594,629,1,299.819,26,10,NA,NA,NA
"316",15658917,"damage",NA,668,265,NA,67760,"44401.64868.55637.",16,1932,2415,NA,NA,483,NA,"WhCTAzbLQrJPD2HN",26,15503775,15803594,629,1,299.819,26,10,483,NA,NA
"317",15667976,"damage",NA,668,265,NA,67760,"64868.12536.",16,1964,2455,NA,NA,491,NA,"WhCTAzbLQrJPD2HN",26,15503775,15803594,629,1,299.819,26,10,491,NA,NA
"318",15680648,"damage",NA,668,265,NA,67760,"44401.44413.",16,2305,2266,NA,NA,227,NA,"WhCTAzbLQrJPD2HN",26,15503775,15803594,629,1,299.819,26,10,NA,NA,NA
"319",15690357,"damage",NA,668,265,NA,67760,"44401.",2,3857,2208,NA,NA,NA,NA,"WhCTAzbLQrJPD2HN",26,15503775,15803594,629,1,299.819,26,10,NA,NA,NA
"320",15716484,"damage",NA,668,435,NA,67760,"64868.55637.",17,3824,2433,NA,NA,243,NA,"WhCTAzbLQrJPD2HN",26,15503775,15803594,629,1,299.819,26,10,NA,NA,NA
"321",15742925,"damage",NA,668,435,NA,67760,NA,1,2776,2456,NA,NA,NA,NA,"WhCTAzbLQrJPD2HN",26,15503775,15803594,629,1,299.819,26,10,NA,NA,NA
"322",15755374,"damage",NA,668,435,NA,67760,"44401.12042.54758.64868.55342.12472.",16,3534,2208,NA,NA,442,NA,"WhCTAzbLQrJPD2HN",26,15503775,15803594,629,1,299.819,26,10,NA,NA,NA
"323",15764527,"damage",NA,668,435,NA,67760,"2825.44401.12042.54758.64868.55342.12536.12472.53909.",16,4871,2394,NA,NA,239,NA,"WhCTAzbLQrJPD2HN",26,15503775,15803594,629,1,299.819,26,10,NA,NA,NA
"324",15773285,"damage",NA,668,435,NA,67760,"2825.44401.55342.12472.",1,2475,2190,NA,NA,NA,NA,"WhCTAzbLQrJPD2HN",26,15503775,15803594,629,1,299.819,26,10,NA,NA,NA
"325",15790562,"damage",NA,668,435,NA,67760,"2825.44401.55637.",16,2417,2377,NA,NA,238,NA,"WhCTAzbLQrJPD2HN",26,15503775,15803594,629,1,299.819,26,10,NA,NA,NA
"326",15966998,"damage",NA,668,447,NA,67760,"64868.55637.",2,3233,2092,NA,NA,NA,NA,"WhCTAzbLQrJPD2HN",27,15959048,16104115,633,1,145.067,27,10,NA,NA,NA
"327",16004580,"damage",NA,668,451,NA,67760,"44401.",2,5851,3786,NA,NA,NA,NA,"WhCTAzbLQrJPD2HN",27,15959048,16104115,633,1,145.067,27,10,NA,NA,NA
"328",16012066,"damage",NA,668,447,NA,67760,"64868.",2,2030,1162,8,NA,NA,NA,"WhCTAzbLQrJPD2HN",27,15959048,16104115,633,1,145.067,27,10,NA,NA,NA
"329",16028406,"damage",NA,668,447,NA,67760,"12536.",2,5901,3819,NA,NA,NA,NA,"WhCTAzbLQrJPD2HN",27,15959048,16104115,633,1,145.067,27,10,NA,NA,NA
"330",16035213,"damage",NA,668,447,NA,67760,"44401.",16,3839,3775,NA,NA,378,NA,"WhCTAzbLQrJPD2HN",27,15959048,16104115,633,1,145.067,27,10,NA,NA,NA
"331",16044625,"damage",NA,668,453,NA,67760,"44401.",1,3648,3648,NA,NA,NA,NA,"WhCTAzbLQrJPD2HN",27,15959048,16104115,633,1,145.067,27,10,NA,NA,NA
"332",16054717,"damage",NA,668,447,NA,67760,"55637.",17,3254,2340,NA,NA,234,NA,"WhCTAzbLQrJPD2HN",27,15959048,16104115,633,1,145.067,27,10,NA,NA,NA
"333",16079046,"damage",NA,668,447,NA,67760,NA,17,6587,4716,NA,NA,943,NA,"WhCTAzbLQrJPD2HN",27,15959048,16104115,633,1,145.067,27,10,NA,NA,NA
"334",16094505,"damage",NA,668,447,NA,67760,"12042.",17,6054,4334,NA,NA,867,NA,"WhCTAzbLQrJPD2HN",27,15959048,16104115,633,1,145.067,27,10,NA,NA,NA
"335",16315598,"damage",NA,668,721,NA,67760,"55342.53908.",1,2407,2407,NA,NA,NA,NA,"WhCTAzbLQrJPD2HN",29,16314629,16481353,637,1,166.724,29,10,NA,8,NA
"336",16326576,"damage",NA,668,721,NA,67760,"26297.12042.57531.54758.64868.55342.12536.55637.12472.54648.53908.",2,3827,2191,NA,NA,NA,NA,"WhCTAzbLQrJPD2HN",29,16314629,16481353,637,1,166.724,29,10,NA,8,NA
"337",16361798,"damage",NA,668,490,NA,67760,"54648.",1,2178,2178,NA,NA,NA,NA,"WhCTAzbLQrJPD2HN",29,16314629,16481353,637,1,166.724,29,10,NA,3,NA
"338",16383021,"damage",NA,668,490,NA,67760,"54648.",2,3760,2153,NA,NA,NA,NA,"WhCTAzbLQrJPD2HN",29,16314629,16481353,637,1,166.724,29,10,NA,3,NA
"339",16393713,"damage",NA,668,490,NA,67760,"64868.55637.54648.",2,4103,2349,NA,NA,NA,NA,"WhCTAzbLQrJPD2HN",29,16314629,16481353,637,1,166.724,29,10,NA,3,NA
"340",16423215,"damage",NA,668,483,NA,67760,"12042.54758.54648.",2,3875,2219,NA,NA,NA,NA,"WhCTAzbLQrJPD2HN",29,16314629,16481353,637,1,166.724,29,10,NA,1,NA
"341",16437177,"damage",NA,668,722,NA,67760,"44401.",1,2656,2350,NA,NA,NA,NA,"WhCTAzbLQrJPD2HN",29,16314629,16481353,637,1,166.724,29,10,NA,NA,NA
"342",16449189,"damage",NA,668,485,NA,67760,"44401.55637.54648.",2,3647,2360,NA,NA,NA,NA,"WhCTAzbLQrJPD2HN",29,16314629,16481353,637,1,166.724,29,10,NA,NA,NA
"343",16455641,"damage",NA,668,485,NA,67760,"64868.55637.54648.",2,3274,2118,NA,NA,NA,NA,"WhCTAzbLQrJPD2HN",29,16314629,16481353,637,1,166.724,29,10,NA,NA,NA
"344",16473923,"damage",NA,668,489,NA,67760,"44401.54648.",2,3321,2149,NA,NA,NA,NA,"WhCTAzbLQrJPD2HN",29,16314629,16481353,637,1,166.724,29,10,NA,NA,NA
"345",16648747,"damage",NA,668,534,NA,67760,"44401.55342.54648.",1,3291,3291,NA,NA,NA,NA,"WhCTAzbLQrJPD2HN",30,16638698,16807775,641,1,169.077,30,10,NA,NA,NA
"346",16656074,"damage",NA,668,534,NA,67760,"2825.12042.54758.64868.55342.55637.12472.54648.53909.",16,2884,3204,NA,NA,320,NA,"WhCTAzbLQrJPD2HN",30,16638698,16807775,641,1,169.077,30,10,320,NA,NA
"347",16664909,"damage",NA,668,534,NA,67760,"2825.12042.64868.55342.12472.54648.53909.",2,4885,3162,NA,NA,NA,NA,"WhCTAzbLQrJPD2HN",30,16638698,16807775,641,1,169.077,30,10,NA,NA,NA
"348",16676316,"damage",NA,668,534,NA,67760,"2825.44401.54648.",1,3304,3304,NA,NA,NA,NA,"WhCTAzbLQrJPD2HN",30,16638698,16807775,641,1,169.077,30,10,NA,NA,NA
"349",16690377,"damage",NA,668,534,NA,67760,"2825.12536.54648.",16,3179,3532,NA,NA,353,NA,"WhCTAzbLQrJPD2HN",30,16638698,16807775,641,1,169.077,30,10,353,NA,NA
"350",16709317,"damage",NA,668,534,NA,67760,NA,16,2004,2226,NA,NA,223,NA,"WhCTAzbLQrJPD2HN",30,16638698,16807775,641,1,169.077,30,10,222,NA,NA
"351",16733547,"damage",NA,668,536,NA,67760,"44401.64868.12536.54648.",3,0,2413,NA,NA,NA,NA,"WhCTAzbLQrJPD2HN",30,16638698,16807775,641,1,169.077,30,10,NA,NA,2983
"352",16745500,"damage",NA,668,534,NA,67760,"44401.64868.54648.",2,3853,2206,NA,NA,NA,NA,"WhCTAzbLQrJPD2HN",30,16638698,16807775,641,1,169.077,30,10,NA,NA,NA
"353",16760994,"damage",NA,668,534,NA,67760,"12042.54758.54648.",16,2425,2384,NA,NA,238,NA,"WhCTAzbLQrJPD2HN",30,16638698,16807775,641,1,169.077,30,10,NA,NA,NA
"354",16770960,"damage",NA,668,534,NA,67760,"54648.",17,3596,2288,NA,NA,229,NA,"WhCTAzbLQrJPD2HN",30,16638698,16807775,641,1,169.077,30,10,NA,NA,NA
"355",16789513,"damage",NA,668,534,NA,67760,"64868.55637.54648.",16,2096,2319,NA,NA,464,NA,"WhCTAzbLQrJPD2HN",30,16638698,16807775,641,1,169.077,30,10,223,NA,NA
"356",17288683,"damage",NA,668,725,NA,67760,"54648.",16,2453,2412,NA,NA,241,NA,"WhCTAzbLQrJPD2HN",31,17275115,17406014,645,0,130.899,31,10,NA,NA,NA
"357",17295754,"damage",NA,668,725,NA,67760,"54758.44401.12472.54648.",16,2256,2218,NA,NA,222,NA,"WhCTAzbLQrJPD2HN",31,17275115,17406014,645,0,130.899,31,10,NA,NA,NA
"358",17304704,"damage",NA,668,725,NA,67760,"54758.26297.64868.55637.12042.12472.54648.",1,2467,2183,NA,NA,NA,NA,"WhCTAzbLQrJPD2HN",31,17275115,17406014,645,0,130.899,31,10,NA,NA,NA
"359",17318158,"damage",NA,668,725,NA,67760,"12536.57531.54648.",2,3375,2184,NA,NA,NA,NA,"WhCTAzbLQrJPD2HN",31,17275115,17406014,645,0,130.899,31,10,NA,NA,NA
"360",17328435,"damage",NA,668,725,NA,67760,"54648.",2,4121,2360,NA,NA,NA,NA,"WhCTAzbLQrJPD2HN",31,17275115,17406014,645,0,130.899,31,10,NA,NA,NA
"361",17342665,"damage",NA,668,725,NA,67760,"44401.54648.",17,3101,2220,NA,NA,444,NA,"WhCTAzbLQrJPD2HN",31,17275115,17406014,645,0,130.899,31,10,NA,NA,NA
"362",17348840,"damage",NA,668,725,NA,67760,"54648.",2,3645,2087,NA,NA,NA,NA,"WhCTAzbLQrJPD2HN",31,17275115,17406014,645,0,130.899,31,10,NA,NA,NA
"363",17378132,"damage",NA,668,733,2,67760,"44401.",1,2220,2220,NA,NA,NA,NA,"WhCTAzbLQrJPD2HN",31,17275115,17406014,645,0,130.899,31,10,NA,NA,NA
"364",17591377,"damage",NA,668,725,NA,67760,"54758.26297.28682.55342.55637.48108.12472.53908.",1,2038,2038,NA,NA,NA,NA,"WhCTAzbLQrJPD2HN",32,17579502,17726405,645,0,146.903,32,10,NA,NA,NA
"365",17607420,"damage",NA,668,725,NA,67760,"64868.",2,3854,2207,NA,NA,NA,NA,"WhCTAzbLQrJPD2HN",32,17579502,17726405,645,0,146.903,32,10,NA,NA,NA
"366",17631726,"damage",NA,668,725,NA,67760,NA,16,1872,2071,2,NA,414,NA,"WhCTAzbLQrJPD2HN",32,17579502,17726405,645,0,146.903,32,10,199,NA,NA
"367",17642580,"damage",NA,668,725,NA,67760,NA,17,3397,2161,NA,NA,216,NA,"WhCTAzbLQrJPD2HN",32,17579502,17726405,645,0,146.903,32,10,NA,NA,NA
"368",17657568,"damage",NA,668,725,NA,67760,"64868.55637.48108.",2,3708,2123,NA,NA,NA,NA,"WhCTAzbLQrJPD2HN",32,17579502,17726405,645,0,146.903,32,10,NA,NA,NA
"369",17891539,"damage",NA,668,725,NA,67760,"54758.64868.55342.48108.12472.",1,2551,2257,NA,NA,NA,NA,"WhCTAzbLQrJPD2HN",33,17866159,18024792,645,0,158.633,33,10,NA,NA,NA
"370",17900284,"damage",NA,668,725,NA,67760,"48108.12472.",2,3776,2163,NA,NA,NA,NA,"WhCTAzbLQrJPD2HN",33,17866159,18024792,645,0,158.633,33,10,NA,NA,NA
"371",17909781,"damage",NA,668,725,NA,67760,"48108.",16,2231,2193,NA,NA,219,NA,"WhCTAzbLQrJPD2HN",33,17866159,18024792,645,0,158.633,33,10,NA,NA,NA
"372",17920765,"damage",NA,668,725,NA,67760,"48108.",16,2123,2087,NA,NA,209,NA,"WhCTAzbLQrJPD2HN",33,17866159,18024792,645,0,158.633,33,10,NA,NA,NA
"373",17934914,"damage",NA,668,725,NA,67760,"55637.",17,3180,2023,NA,NA,202,NA,"WhCTAzbLQrJPD2HN",33,17866159,18024792,645,0,158.633,33,10,NA,NA,NA
"374",17951884,"damage",NA,668,730,4,67760,"54741.",1,2191,2191,NA,NA,NA,NA,"WhCTAzbLQrJPD2HN",33,17866159,18024792,645,0,158.633,33,10,NA,NA,NA
"375",17979979,"damage",NA,668,733,2,67760,"48108.",1,2078,2078,2,NA,NA,NA,"WhCTAzbLQrJPD2HN",33,17866159,18024792,645,0,158.633,33,10,NA,NA,NA
"376",18181715,"damage",NA,668,725,NA,67760,"55342.53908.",17,2979,2133,NA,NA,427,NA,"WhCTAzbLQrJPD2HN",34,18172371,18390850,645,0,218.479,34,10,NA,NA,NA
"377",18191888,"damage",NA,668,725,NA,67760,"26297.54758.55342.55637.12472.",17,3604,2293,NA,NA,229,NA,"WhCTAzbLQrJPD2HN",34,18172371,18390850,645,0,218.479,34,10,NA,NA,NA
"378",18202354,"damage",NA,668,725,NA,67760,"64868.55637.12472.",2,3552,2034,NA,NA,NA,NA,"WhCTAzbLQrJPD2HN",34,18172371,18390850,645,0,218.479,34,10,NA,NA,NA
"379",18212463,"damage",NA,668,725,NA,67760,"48108.",17,3394,2159,NA,NA,216,NA,"WhCTAzbLQrJPD2HN",34,18172371,18390850,645,0,218.479,34,10,NA,NA,NA
"380",18231062,"damage",NA,668,725,NA,67760,"48108.",17,3295,2097,NA,NA,210,NA,"WhCTAzbLQrJPD2HN",34,18172371,18390850,645,0,218.479,34,10,NA,NA,NA
"381",18250488,"damage",NA,668,730,4,67760,"64868.",1,2177,2177,NA,NA,NA,NA,"WhCTAzbLQrJPD2HN",34,18172371,18390850,645,0,218.479,34,10,NA,NA,NA
"382",18279570,"damage",NA,668,733,5,67760,NA,2,3453,2235,NA,NA,NA,NA,"WhCTAzbLQrJPD2HN",34,18172371,18390850,645,0,218.479,34,10,NA,NA,NA
"383",18302406,"damage",NA,668,733,2,67760,NA,2,3383,2189,NA,NA,NA,NA,"WhCTAzbLQrJPD2HN",34,18172371,18390850,645,0,218.479,34,10,NA,NA,NA
"384",18330237,"damage",NA,668,725,NA,67760,"55637.",17,3314,2109,NA,NA,211,NA,"WhCTAzbLQrJPD2HN",34,18172371,18390850,645,0,218.479,34,10,NA,NA,NA
"385",18339587,"damage",NA,668,725,NA,67760,"55637.",17,3645,2319,NA,NA,232,NA,"WhCTAzbLQrJPD2HN",34,18172371,18390850,645,0,218.479,34,10,NA,NA,NA
"386",18352648,"damage",NA,668,730,6,67760,"12472.",16,806,2175,2,1151,218,NA,"WhCTAzbLQrJPD2HN",34,18172371,18390850,645,0,218.479,34,10,218,NA,NA
"387",18365754,"damage",NA,668,725,NA,67760,"2825.",17,3646,2320,NA,NA,232,NA,"WhCTAzbLQrJPD2HN",34,18172371,18390850,645,0,218.479,34,10,NA,NA,NA
"388",18375575,"damage",NA,668,725,NA,67760,"64868.2825.",16,2280,2242,NA,NA,224,NA,"WhCTAzbLQrJPD2HN",34,18172371,18390850,645,0,218.479,34,10,NA,NA,NA
"389",18597530,"damage",NA,668,725,NA,67760,"64868.55342.55637.",1,2627,2324,NA,NA,NA,NA,"WhCTAzbLQrJPD2HN",35,18583008,18722276,645,0,139.268,35,10,NA,NA,NA
"390",18614059,"damage",NA,668,725,NA,67760,"12472.",2,3557,2037,NA,NA,NA,NA,"WhCTAzbLQrJPD2HN",35,18583008,18722276,645,0,139.268,35,10,NA,NA,NA
"391",18630922,"damage",NA,668,725,NA,67760,NA,16,1858,2055,NA,NA,411,NA,"WhCTAzbLQrJPD2HN",35,18583008,18722276,645,0,139.268,35,10,197,NA,NA
"392",18646418,"damage",NA,668,725,NA,67760,"55637.",1,2464,2180,NA,NA,NA,NA,"WhCTAzbLQrJPD2HN",35,18583008,18722276,645,0,139.268,35,10,NA,NA,NA
"393",18659927,"damage",NA,668,725,NA,67760,"64868.48108.",16,2366,2326,NA,NA,233,NA,"WhCTAzbLQrJPD2HN",35,18583008,18722276,645,0,139.268,35,10,NA,NA,NA
"394",18885407,"damage",NA,668,725,NA,67760,"64868.55342.55637.53908.",1,2305,2039,NA,NA,NA,NA,"WhCTAzbLQrJPD2HN",36,18872675,19044286,645,0,171.611,36,10,NA,NA,NA
"395",18894090,"damage",NA,668,725,NA,67760,"54758.26297.64868.55342.55637.12472.",1,2368,2095,NA,NA,NA,NA,"WhCTAzbLQrJPD2HN",36,18872675,19044286,645,0,171.611,36,10,NA,NA,NA
"396",18917112,"damage",NA,668,725,NA,67760,NA,17,3617,2302,NA,NA,230,NA,"WhCTAzbLQrJPD2HN",36,18872675,19044286,645,0,171.611,36,10,NA,NA,NA
"397",18930079,"damage",NA,668,725,NA,67760,NA,17,3190,2030,NA,NA,203,NA,"WhCTAzbLQrJPD2HN",36,18872675,19044286,645,0,171.611,36,10,NA,NA,NA
"398",18945221,"damage",NA,668,725,NA,67760,"55637.",17,3654,2325,NA,NA,233,NA,"WhCTAzbLQrJPD2HN",36,18872675,19044286,645,0,171.611,36,10,NA,NA,NA
"399",18952948,"damage",NA,668,730,3,67760,"55637.48108.",2,3560,2039,NA,NA,NA,NA,"WhCTAzbLQrJPD2HN",36,18872675,19044286,645,0,171.611,36,10,NA,NA,NA
"400",19002735,"damage",NA,668,733,1,67760,"48108.",2,2152,2196,NA,1242,NA,NA,"WhCTAzbLQrJPD2HN",36,18872675,19044286,645,0,171.611,36,10,NA,NA,NA
"401",19014611,"damage",NA,668,733,9,67760,"64868.55637.",1,768,2261,NA,1493,NA,NA,"WhCTAzbLQrJPD2HN",36,18872675,19044286,645,0,171.611,36,10,NA,NA,NA
"402",19953082,"damage",NA,668,725,NA,67760,"54758.26297.64868.28682.55342.55637.48108.12472.",1,2322,2054,NA,NA,NA,NA,"WhCTAzbLQrJPD2HN",38,19936183,20221087,645,0,284.904,38,10,NA,NA,NA
"403",19963866,"damage",NA,668,725,NA,67760,"54758.55342.12472.",2,3962,2269,NA,NA,NA,NA,"WhCTAzbLQrJPD2HN",38,19936183,20221087,645,0,284.904,38,10,NA,NA,NA
"404",19971074,"damage",NA,668,725,NA,67760,"12472.54741.",16,2074,2039,NA,NA,204,NA,"WhCTAzbLQrJPD2HN",38,19936183,20221087,645,0,284.904,38,10,NA,NA,NA
"405",19984517,"damage",NA,668,725,NA,67760,NA,2,3544,2030,NA,NA,NA,NA,"WhCTAzbLQrJPD2HN",38,19936183,20221087,645,0,284.904,38,10,NA,NA,NA
"406",20003025,"damage",NA,668,725,NA,67760,"64868.",2,3730,2136,2,NA,NA,NA,"WhCTAzbLQrJPD2HN",38,19936183,20221087,645,0,284.904,38,10,NA,NA,NA
"407",20016960,"damage",NA,668,725,NA,67760,"55637.48108.",16,2262,2224,NA,NA,222,NA,"WhCTAzbLQrJPD2HN",38,19936183,20221087,645,0,284.904,38,10,NA,NA,NA
"408",20044090,"damage",NA,668,733,2,67760,"54741.",2,3331,2155,NA,NA,NA,NA,"WhCTAzbLQrJPD2HN",38,19936183,20221087,645,0,284.904,38,10,NA,NA,NA
"409",20081147,"damage",NA,668,733,7,67760,"55637.",1,2182,2182,NA,NA,NA,NA,"WhCTAzbLQrJPD2HN",38,19936183,20221087,645,0,284.904,38,10,NA,NA,NA
"410",20095687,"damage",NA,668,725,NA,67760,"48108.",17,3271,2342,2,NA,468,NA,"WhCTAzbLQrJPD2HN",38,19936183,20221087,645,0,284.904,38,10,NA,NA,NA
"411",20145728,"damage",NA,668,725,NA,67760,"55342.55637.54741.",2,3334,2157,NA,NA,NA,NA,"WhCTAzbLQrJPD2HN",38,19936183,20221087,645,0,284.904,38,10,NA,NA,NA
"412",20153114,"damage",NA,668,730,7,67760,"54758.28682.2825.55342.55637.12472.",2,3293,2131,NA,NA,NA,NA,"WhCTAzbLQrJPD2HN",38,19936183,20221087,645,0,284.904,38,10,NA,NA,NA
"413",20164832,"damage",NA,668,725,NA,67760,"64868.2825.55342.12472.53908.",2,3482,2253,NA,NA,NA,NA,"WhCTAzbLQrJPD2HN",38,19936183,20221087,645,0,284.904,38,10,NA,NA,NA
"414",20174929,"damage",NA,668,725,NA,67760,"64868.2825.48108.53908.",16,2101,2066,NA,NA,207,NA,"WhCTAzbLQrJPD2HN",38,19936183,20221087,645,0,284.904,38,10,NA,NA,NA
"415",20189978,"damage",NA,668,725,NA,67760,NA,16,1992,2204,NA,NA,441,NA,"WhCTAzbLQrJPD2HN",38,19936183,20221087,645,0,284.904,38,10,212,NA,NA
"416",20202442,"damage",NA,668,725,NA,67760,"48108.",17,3147,2253,1,NA,451,NA,"WhCTAzbLQrJPD2HN",38,19936183,20221087,645,0,284.904,38,10,NA,NA,NA
"417",20403620,"damage",NA,668,725,NA,67760,"54758.26297.64868.28682.55342.55637.48108.12472.",16,1908,2111,NA,NA,422,NA,"WhCTAzbLQrJPD2HN",39,20386497,20612630,645,0,226.133,39,10,203,NA,NA
"418",20413803,"damage",NA,668,725,NA,67760,"12472.",2,3804,2178,NA,NA,NA,NA,"WhCTAzbLQrJPD2HN",39,20386497,20612630,645,0,226.133,39,10,NA,NA,NA
"419",20422120,"damage",NA,668,725,NA,67760,"48108.",17,3174,2019,NA,NA,202,NA,"WhCTAzbLQrJPD2HN",39,20386497,20612630,645,0,226.133,39,10,NA,NA,NA
"420",20460618,"damage",NA,668,725,NA,67760,"55637.",2,3701,2119,NA,NA,NA,NA,"WhCTAzbLQrJPD2HN",39,20386497,20612630,645,0,226.133,39,10,NA,NA,NA
"421",20544555,"damage",NA,668,725,NA,67760,NA,2,3608,2066,NA,NA,NA,NA,"WhCTAzbLQrJPD2HN",39,20386497,20612630,645,0,226.133,39,10,NA,NA,NA
"422",20581537,"damage",NA,668,725,NA,67760,"64868.55637.",1,2575,2278,NA,NA,NA,NA,"WhCTAzbLQrJPD2HN",39,20386497,20612630,645,0,226.133,39,10,NA,NA,NA
"423",20592414,"damage",NA,668,725,NA,67760,"54758.26297.28682.55342.55637.48108.12472.53909.",2,3663,2098,NA,NA,NA,NA,"WhCTAzbLQrJPD2HN",39,20386497,20612630,645,0,226.133,39,10,NA,NA,NA
"424",20788939,"damage",NA,668,725,NA,67760,"55342.55637.48108.",1,2519,2228,NA,NA,NA,NA,"WhCTAzbLQrJPD2HN",40,20774285,21005622,645,0,231.337,40,10,NA,NA,NA
"425",20800499,"damage",NA,668,725,NA,67760,"54758.26297.28682.55342.12472.",17,2911,2084,NA,NA,417,NA,"WhCTAzbLQrJPD2HN",40,20774285,21005622,645,0,231.337,40,10,NA,NA,NA
"426",20821426,"damage",NA,668,725,NA,67760,NA,16,1957,2165,NA,NA,433,NA,"WhCTAzbLQrJPD2HN",40,20774285,21005622,645,0,231.337,40,10,208,NA,NA
"427",20838898,"damage",NA,668,725,NA,67760,NA,2,3766,2156,NA,NA,NA,NA,"WhCTAzbLQrJPD2HN",40,20774285,21005622,645,0,231.337,40,10,NA,NA,NA
"428",20851756,"damage",NA,668,725,NA,67760,"55637.",16,2072,2037,NA,NA,204,NA,"WhCTAzbLQrJPD2HN",40,20774285,21005622,645,0,231.337,40,10,NA,NA,NA
"429",20867418,"damage",NA,668,733,1,67760,NA,2,208,2322,NA,3380,NA,NA,"WhCTAzbLQrJPD2HN",40,20774285,21005622,645,0,231.337,40,10,NA,NA,NA
"430",20929346,"damage",NA,668,725,NA,67760,NA,16,1850,2055,NA,NA,206,NA,"WhCTAzbLQrJPD2HN",40,20774285,21005622,645,0,231.337,40,10,205,NA,NA
"431",20949886,"damage",NA,668,730,6,67760,NA,17,2943,2116,NA,NA,212,NA,"WhCTAzbLQrJPD2HN",40,20774285,21005622,645,0,231.337,40,10,NA,8,NA
"432",20962694,"damage",NA,668,725,NA,67760,"2825.55342.48108.",17,3044,2179,NA,NA,436,NA,"WhCTAzbLQrJPD2HN",40,20774285,21005622,645,0,231.337,40,10,NA,NA,NA
"433",20974664,"damage",NA,668,725,NA,67760,"54758.26297.2825.55342.55637.48108.12472.53909.",2,3890,2227,NA,NA,NA,NA,"WhCTAzbLQrJPD2HN",40,20774285,21005622,645,0,231.337,40,10,NA,NA,NA
"434",20986594,"damage",NA,668,725,NA,67760,"64868.2825.55342.48108.",2,3861,2211,NA,NA,NA,NA,"WhCTAzbLQrJPD2HN",40,20774285,21005622,645,0,231.337,40,10,NA,NA,NA
"435",20993855,"damage",NA,668,725,NA,67760,"64868.2825.48108.",1,2620,2318,NA,NA,NA,NA,"WhCTAzbLQrJPD2HN",40,20774285,21005622,645,0,231.337,40,10,NA,NA,NA
"436",21208977,"damage",NA,668,725,NA,67760,"54758.26297.64868.28682.55637.12472.",1,2305,2039,NA,NA,NA,NA,"WhCTAzbLQrJPD2HN",41,21180779,21431463,645,1,250.684,41,10,NA,NA,NA
"437",21216331,"damage",NA,668,725,NA,67760,"54758.12472.",2,3579,2049,NA,NA,NA,NA,"WhCTAzbLQrJPD2HN",41,21180779,21431463,645,1,250.684,41,10,NA,NA,NA
"438",21235708,"damage",NA,668,725,NA,67760,NA,1,2419,2140,NA,NA,NA,NA,"WhCTAzbLQrJPD2HN",41,21180779,21431463,645,1,250.684,41,10,NA,NA,NA
"439",21258351,"damage",NA,668,730,4,67760,"48108.",1,2125,2125,NA,NA,NA,NA,"WhCTAzbLQrJPD2HN",41,21180779,21431463,645,1,250.684,41,10,NA,8,NA
"440",21314821,"damage",NA,668,733,9,67760,NA,2,1892,2223,NA,1544,NA,NA,"WhCTAzbLQrJPD2HN",41,21180779,21431463,645,1,250.684,41,10,NA,NA,NA
"441",21337894,"damage",NA,668,725,NA,67760,"48108.",17,3355,2135,NA,NA,214,NA,"WhCTAzbLQrJPD2HN",41,21180779,21431463,645,1,250.684,41,10,NA,NA,NA
"442",21347596,"damage",NA,668,725,NA,67760,"64868.55637.",1,2280,2017,NA,NA,NA,NA,"WhCTAzbLQrJPD2HN",41,21180779,21431463,645,1,250.684,41,10,NA,NA,NA
"443",21356566,"damage",NA,668,725,NA,67760,"64868.",16,2294,2255,NA,NA,226,NA,"WhCTAzbLQrJPD2HN",41,21180779,21431463,645,1,250.684,41,10,NA,NA,NA
"444",21367605,"damage",NA,668,725,NA,67760,NA,16,1899,2101,2,NA,420,NA,"WhCTAzbLQrJPD2HN",41,21180779,21431463,645,1,250.684,41,10,202,NA,NA
"445",21383355,"damage",NA,668,725,NA,67760,"54758.28682.55342.12472.53909.",16,2061,2027,1,NA,203,NA,"WhCTAzbLQrJPD2HN",41,21180779,21431463,645,1,250.684,41,10,NA,NA,NA
